Series Name,"Series Code","Country Name","Country Code","1960 [YR1960]","1961 [YR1961]","1962 [YR1962]","1963 [YR1963]","1964 [YR1964]","1965 [YR1965]","1966 [YR1966]","1967 [YR1967]","1968 [YR1968]","1969 [YR1969]","1970 [YR1970]","1971 [YR1971]","1972 [YR1972]","1973 [YR1973]","1974 [YR1974]","1975 [YR1975]","1976 [YR1976]","1977 [YR1977]","1978 [YR1978]","1979 [YR1979]","1980 [YR1980]","1981 [YR1981]","1982 [YR1982]","1983 [YR1983]","1984 [YR1984]","1985 [YR1985]","1986 [YR1986]","1987 [YR1987]","1988 [YR1988]","1989 [YR1989]","1990 [YR1990]","1991 [YR1991]","1992 [YR1992]","1993 [YR1993]","1994 [YR1994]","1995 [YR1995]","1996 [YR1996]","1997 [YR1997]","1998 [YR1998]","1999 [YR1999]","2000 [YR2000]","2001 [YR2001]","2002 [YR2002]","2003 [YR2003]","2004 [YR2004]","2005 [YR2005]","2006 [YR2006]","2007 [YR2007]","2008 [YR2008]","2009 [YR2009]","2010 [YR2010]","2011 [YR2011]","2012 [YR2012]","2013 [YR2013]","2014 [YR2014]","2015 [YR2015]","2016 [YR2016]","2017 [YR2017]"
Research and development expenditure (% of GDP),"GB.XPD.RSDV.GD.ZS","Afghanistan","AFG","NA","NA","NA","NA","NA","NA","NA","NA","NA","NA","NA","NA","NA","NA","NA","NA","NA","NA","NA","NA","NA","NA","NA","NA","NA","NA","NA","NA","NA","NA","NA","NA","NA","NA","NA","NA","NA","NA","NA","NA","NA","NA","NA","NA","NA","NA","NA","NA","NA","NA","NA","NA","NA","NA","NA","NA","NA","NA"
Research and development expenditure (% of GDP),"GB.XPD.RSDV.GD.ZS","Albania","ALB","NA","NA","NA","NA","NA","NA","NA","NA","NA","NA","NA","NA","NA","NA","NA","NA","NA","NA","NA","NA","NA","NA","NA","NA","NA","NA","NA","NA","NA","NA","NA","NA","NA","NA","NA","NA","NA","NA","NA","NA","NA","NA","NA","NA","NA","NA","NA","0.08735","0.15421","NA","NA","NA","NA","NA","NA","NA","NA","NA"
Research and development expenditure (% of GDP),"GB.XPD.RSDV.GD.ZS","Algeria","DZA","NA","NA","NA","NA","NA","NA","NA","NA","NA","NA","NA","NA","NA","NA","NA","NA","NA","NA","NA","NA","NA","NA","NA","NA","NA","NA","NA","NA","NA","NA","NA","NA","NA","NA","NA","NA","NA","NA","NA","NA","NA","0.23012","0.36662","0.19631","0.16355","0.06606","NA","NA","NA","NA","NA","NA","NA","NA","NA","NA","NA","NA"
Research and development expenditure (% of GDP),"GB.XPD.RSDV.GD.ZS","American Samoa","ASM","NA","NA","NA","NA","NA","NA","NA","NA","NA","NA","NA","NA","NA","NA","NA","NA","NA","NA","NA","NA","NA","NA","NA","NA","NA","NA","NA","NA","NA","NA","NA","NA","NA","NA","NA","NA","NA","NA","NA","NA","NA","NA","NA","NA","NA","NA","NA","NA","NA","NA","NA","NA","NA","NA","NA","NA","NA","NA"
Research and development expenditure (% of GDP),"GB.XPD.RSDV.GD.ZS","Andorra","AND","NA","NA","NA","NA","NA","NA","NA","NA","NA","NA","NA","NA","NA","NA","NA","NA","NA","NA","NA","NA","NA","NA","NA","NA","NA","NA","NA","NA","NA","NA","NA","NA","NA","NA","NA","NA","NA","NA","NA","NA","NA","NA","NA","NA","NA","NA","NA","NA","NA","NA","NA","NA","NA","NA","NA","NA","NA","NA"
Research and development expenditure (% of GDP),"GB.XPD.RSDV.GD.ZS","Angola","AGO","NA","NA","NA","NA","NA","NA","NA","NA","NA","NA","NA","NA","NA","NA","NA","NA","NA","NA","NA","NA","NA","NA","NA","NA","NA","NA","NA","NA","NA","NA","NA","NA","NA","NA","NA","NA","NA","NA","NA","NA","NA","NA","NA","NA","NA","NA","NA","NA","NA","NA","NA","NA","NA","NA","NA","NA","NA","NA"
Research and development expenditure (% of GDP),"GB.XPD.RSDV.GD.ZS","Antigua and Barbuda","ATG","NA","NA","NA","NA","NA","NA","NA","NA","NA","NA","NA","NA","NA","NA","NA","NA","NA","NA","NA","NA","NA","NA","NA","NA","NA","NA","NA","NA","NA","NA","NA","NA","NA","NA","NA","NA","NA","NA","NA","NA","NA","NA","NA","NA","NA","NA","NA","NA","NA","NA","NA","NA","NA","NA","NA","NA","NA","NA"
Research and development expenditure (% of GDP),"GB.XPD.RSDV.GD.ZS","Argentina","ARG","NA","NA","NA","NA","NA","NA","NA","NA","NA","NA","NA","NA","NA","NA","NA","NA","NA","NA","NA","NA","NA","NA","NA","NA","NA","NA","NA","NA","NA","NA","NA","NA","NA","NA","NA","NA","0.41772","0.41939","0.41124","0.45261","0.43915","0.42413","0.38834","0.41003","0.40386","0.41897","0.45021","0.45801","0.47041","0.58608","0.56126","0.56648","0.63596","0.62017","0.58852","NA","NA","NA"
Research and development expenditure (% of GDP),"GB.XPD.RSDV.GD.ZS","Armenia","ARM","NA","NA","NA","NA","NA","NA","NA","NA","NA","NA","NA","NA","NA","NA","NA","NA","NA","NA","NA","NA","NA","NA","NA","NA","NA","NA","NA","NA","NA","NA","NA","NA","NA","NA","NA","NA","NA","0.187","0.2261","0.21409","0.19131","0.27889","0.25301","0.32201","0.25631","0.25794","0.24023","0.21102","0.22427","0.29109","0.2414","0.27","0.23833","0.22195","0.24144","0.25069","NA","NA"
Research and development expenditure (% of GDP),"GB.XPD.RSDV.GD.ZS","Aruba","ABW","NA","NA","NA","NA","NA","NA","NA","NA","NA","NA","NA","NA","NA","NA","NA","NA","NA","NA","NA","NA","NA","NA","NA","NA","NA","NA","NA","NA","NA","NA","NA","NA","NA","NA","NA","NA","NA","NA","NA","NA","NA","NA","NA","NA","NA","NA","NA","NA","NA","NA","NA","NA","NA","NA","NA","NA","NA","NA"
Research and development expenditure (% of GDP),"GB.XPD.RSDV.GD.ZS","Australia","AUS","NA","NA","NA","NA","NA","NA","NA","NA","NA","NA","NA","NA","NA","NA","NA","NA","NA","NA","NA","NA","NA","NA","NA","NA","NA","NA","NA","NA","NA","NA","NA","NA","NA","NA","NA","NA","1.66209","NA","1.51413","NA","1.57596","NA","1.75453","NA","1.85465","NA","2.18208","NA","2.39823","NA","2.37808","2.24574","NA","2.20207","NA","NA","NA","NA"
Research and development expenditure (% of GDP),"GB.XPD.RSDV.GD.ZS","Austria","AUT","NA","NA","NA","NA","NA","NA","NA","NA","NA","NA","NA","NA","NA","NA","NA","NA","NA","NA","NA","NA","NA","NA","NA","NA","NA","NA","NA","NA","NA","NA","NA","NA","NA","NA","NA","NA","1.58547","1.66128","1.73461","1.8531","1.89139","1.99686","2.0727","2.18268","2.16923","2.38332","2.37541","2.4354","2.58495","2.6153","2.73439","2.67843","2.92992","2.96325","3.06054","3.07181","NA","NA"
Research and development expenditure (% of GDP),"GB.XPD.RSDV.GD.ZS","Azerbaijan","AZE","NA","NA","NA","NA","NA","NA","NA","NA","NA","NA","NA","NA","NA","NA","NA","NA","NA","NA","NA","NA","NA","NA","NA","NA","NA","NA","NA","NA","NA","NA","NA","NA","NA","NA","NA","NA","0.23533","0.3695","0.42124","0.39289","0.336","0.34001","0.30155","0.32496","0.29831","0.21994","0.17165","0.17006","0.16554","0.24976","0.21848","0.21084","0.21724","0.21141","0.20991","0.22244","NA","NA"
Research and development expenditure (% of GDP),"GB.XPD.RSDV.GD.ZS","Bahamas, The","BHS","NA","NA","NA","NA","NA","NA","NA","NA","NA","NA","NA","NA","NA","NA","NA","NA","NA","NA","NA","NA","NA","NA","NA","NA","NA","NA","NA","NA","NA","NA","NA","NA","NA","NA","NA","NA","NA","NA","NA","NA","NA","NA","NA","NA","NA","NA","NA","NA","NA","NA","NA","NA","NA","NA","NA","NA","NA","NA"
Research and development expenditure (% of GDP),"GB.XPD.RSDV.GD.ZS","Bahrain","BHR","NA","NA","NA","NA","NA","NA","NA","NA","NA","NA","NA","NA","NA","NA","NA","NA","NA","NA","NA","NA","NA","NA","NA","NA","NA","NA","NA","NA","NA","NA","NA","NA","NA","NA","NA","NA","NA","NA","NA","NA","NA","NA","NA","NA","NA","NA","NA","NA","NA","NA","NA","NA","NA","NA","0.10116","NA","NA","NA"
Research and development expenditure (% of GDP),"GB.XPD.RSDV.GD.ZS","Bangladesh","BGD","NA","NA","NA","NA","NA","NA","NA","NA","NA","NA","NA","NA","NA","NA","NA","NA","NA","NA","NA","NA","NA","NA","NA","NA","NA","NA","NA","NA","NA","NA","NA","NA","NA","NA","NA","NA","NA","NA","NA","NA","NA","NA","NA","NA","NA","NA","NA","NA","NA","NA","NA","NA","NA","NA","NA","NA","NA","NA"
Research and development expenditure (% of GDP),"GB.XPD.RSDV.GD.ZS","Barbados","BRB","NA","NA","NA","NA","NA","NA","NA","NA","NA","NA","NA","NA","NA","NA","NA","NA","NA","NA","NA","NA","NA","NA","NA","NA","NA","NA","NA","NA","NA","NA","NA","NA","NA","NA","NA","NA","NA","NA","NA","NA","NA","NA","NA","NA","NA","NA","NA","NA","NA","NA","NA","NA","NA","NA","NA","NA","NA","NA"
Research and development expenditure (% of GDP),"GB.XPD.RSDV.GD.ZS","Belarus","BLR","NA","NA","NA","NA","NA","NA","NA","NA","NA","NA","NA","NA","NA","NA","NA","NA","NA","NA","NA","NA","NA","NA","NA","NA","NA","NA","NA","NA","NA","NA","NA","NA","NA","NA","NA","NA","0.99768","0.72966","0.70594","0.84413","0.7224","0.70766","0.62181","0.61088","0.62749","0.67817","0.66038","0.96169","0.74028","0.64477","0.69551","0.70097","0.6675","0.6737","0.52354","0.51672","NA","NA"
Research and development expenditure (% of GDP),"GB.XPD.RSDV.GD.ZS","Belgium","BEL","NA","NA","NA","NA","NA","NA","NA","NA","NA","NA","NA","NA","NA","NA","NA","NA","NA","NA","NA","NA","NA","NA","NA","NA","NA","NA","NA","NA","NA","NA","NA","NA","NA","NA","NA","NA","1.72916","1.79451","1.82744","1.89243","1.92401","2.02007","1.89118","1.82949","1.80723","1.78507","1.81239","1.84259","1.92449","1.98413","2.05137","2.15594","2.35915","2.43512","2.46249","2.45668","NA","NA"
Research and development expenditure (% of GDP),"GB.XPD.RSDV.GD.ZS","Belize","BLZ","NA","NA","NA","NA","NA","NA","NA","NA","NA","NA","NA","NA","NA","NA","NA","NA","NA","NA","NA","NA","NA","NA","NA","NA","NA","NA","NA","NA","NA","NA","NA","NA","NA","NA","NA","NA","NA","NA","NA","NA","NA","NA","NA","NA","NA","NA","NA","NA","NA","NA","NA","NA","NA","NA","NA","NA","NA","NA"
Research and development expenditure (% of GDP),"GB.XPD.RSDV.GD.ZS","Benin","BEN","NA","NA","NA","NA","NA","NA","NA","NA","NA","NA","NA","NA","NA","NA","NA","NA","NA","NA","NA","NA","NA","NA","NA","NA","NA","NA","NA","NA","NA","NA","NA","NA","NA","NA","NA","NA","NA","NA","NA","NA","NA","NA","NA","NA","NA","NA","NA","NA","NA","NA","NA","NA","NA","NA","NA","NA","NA","NA"
Research and development expenditure (% of GDP),"GB.XPD.RSDV.GD.ZS","Bermuda","BMU","NA","NA","NA","NA","NA","NA","NA","NA","NA","NA","NA","NA","NA","NA","NA","NA","NA","NA","NA","NA","NA","NA","NA","NA","NA","NA","NA","NA","NA","NA","NA","NA","NA","NA","NA","NA","NA","0.05885","NA","NA","NA","NA","NA","NA","NA","NA","NA","0.18397","0.19247","0.20903","0.20846","0.2979","0.269","0.22771","0.21659","0.22178","NA","NA"
Research and development expenditure (% of GDP),"GB.XPD.RSDV.GD.ZS","Bhutan","BTN","NA","NA","NA","NA","NA","NA","NA","NA","NA","NA","NA","NA","NA","NA","NA","NA","NA","NA","NA","NA","NA","NA","NA","NA","NA","NA","NA","NA","NA","NA","NA","NA","NA","NA","NA","NA","NA","NA","NA","NA","NA","NA","NA","NA","NA","NA","NA","NA","NA","NA","NA","NA","NA","NA","NA","NA","NA","NA"
Research and development expenditure (% of GDP),"GB.XPD.RSDV.GD.ZS","Bolivia","BOL","NA","NA","NA","NA","NA","NA","NA","NA","NA","NA","NA","NA","NA","NA","NA","NA","NA","NA","NA","NA","NA","NA","NA","NA","NA","NA","NA","NA","NA","NA","NA","NA","NA","NA","NA","NA","0.32544","0.31577","0.29495","0.29836","0.28744","0.29358","0.27663","NA","NA","NA","NA","NA","NA","0.15665","NA","NA","NA","NA","NA","NA","NA","NA"
Research and development expenditure (% of GDP),"GB.XPD.RSDV.GD.ZS","Bosnia and Herzegovina","BIH","NA","NA","NA","NA","NA","NA","NA","NA","NA","NA","NA","NA","NA","NA","NA","NA","NA","NA","NA","NA","NA","NA","NA","NA","NA","NA","NA","NA","NA","NA","NA","NA","NA","NA","NA","NA","NA","NA","NA","NA","NA","NA","NA","0.01854","0.01611","0.02696","0.01969","0.02522","0.01843","0.02107","NA","NA","0.26563","0.32175","0.25777","0.21897","NA","NA"
Research and development expenditure (% of GDP),"GB.XPD.RSDV.GD.ZS","Botswana","BWA","NA","NA","NA","NA","NA","NA","NA","NA","NA","NA","NA","NA","NA","NA","NA","NA","NA","NA","NA","NA","NA","NA","NA","NA","NA","NA","NA","NA","NA","NA","NA","NA","NA","NA","NA","NA","NA","NA","NA","NA","NA","NA","NA","NA","NA","0.53286","NA","NA","NA","NA","NA","NA","0.25388","0.5423","NA","NA","NA","NA"
Research and development expenditure (% of GDP),"GB.XPD.RSDV.GD.ZS","Brazil","BRA","NA","NA","NA","NA","NA","NA","NA","NA","NA","NA","NA","NA","NA","NA","NA","NA","NA","NA","NA","NA","NA","NA","NA","NA","NA","NA","NA","NA","NA","NA","NA","NA","NA","NA","NA","NA","NA","NA","NA","NA","1.00084","1.02879","0.97667","0.9982","0.96233","1.00273","0.98784","1.08149","1.12896","1.11968","1.15869","1.14132","1.12795","1.19828","1.16755","NA","NA","NA"
Research and development expenditure (% of GDP),"GB.XPD.RSDV.GD.ZS","British Virgin Islands","VGB","NA","NA","NA","NA","NA","NA","NA","NA","NA","NA","NA","NA","NA","NA","NA","NA","NA","NA","NA","NA","NA","NA","NA","NA","NA","NA","NA","NA","NA","NA","NA","NA","NA","NA","NA","NA","NA","NA","NA","NA","NA","NA","NA","NA","NA","NA","NA","NA","NA","NA","NA","NA","NA","NA","NA","NA","NA","NA"
Research and development expenditure (% of GDP),"GB.XPD.RSDV.GD.ZS","Brunei Darussalam","BRN","NA","NA","NA","NA","NA","NA","NA","NA","NA","NA","NA","NA","NA","NA","NA","NA","NA","NA","NA","NA","NA","NA","NA","NA","NA","NA","NA","NA","NA","NA","NA","NA","NA","NA","NA","NA","NA","NA","NA","NA","NA","NA","0.01592","0.01842","0.03701","NA","NA","NA","NA","NA","NA","NA","NA","NA","NA","NA","NA","NA"
Research and development expenditure (% of GDP),"GB.XPD.RSDV.GD.ZS","Bulgaria","BGR","NA","NA","NA","NA","NA","NA","NA","NA","NA","NA","NA","NA","NA","NA","NA","NA","NA","NA","NA","NA","NA","NA","NA","NA","NA","NA","NA","NA","NA","NA","NA","NA","NA","NA","NA","NA","0.50866","0.47048","0.4954","0.54214","0.49885","0.44861","0.46594","0.47379","0.472","0.4434","0.44313","0.42683","0.4458","0.49566","0.56387","0.53191","0.60479","0.63491","0.79492","0.95657","NA","NA"
Research and development expenditure (% of GDP),"GB.XPD.RSDV.GD.ZS","Burkina Faso","BFA","NA","NA","NA","NA","NA","NA","NA","NA","NA","NA","NA","NA","NA","NA","NA","NA","NA","NA","NA","NA","NA","NA","NA","NA","NA","NA","NA","NA","NA","NA","NA","NA","NA","NA","NA","NA","0.15872","0.18087","NA","NA","NA","0.19075","0.33931","0.27167","0.2416","0.17066","NA","0.1108","0.18674","0.20015","NA","NA","NA","NA","NA","NA","NA","NA"
Research and development expenditure (% of GDP),"GB.XPD.RSDV.GD.ZS","Burundi","BDI","NA","NA","NA","NA","NA","NA","NA","NA","NA","NA","NA","NA","NA","NA","NA","NA","NA","NA","NA","NA","NA","NA","NA","NA","NA","NA","NA","NA","NA","NA","NA","NA","NA","NA","NA","NA","NA","NA","NA","NA","NA","NA","NA","NA","NA","NA","NA","0.2003","0.15426","0.14436","0.1378","0.12128","NA","NA","NA","NA","NA","NA"
Research and development expenditure (% of GDP),"GB.XPD.RSDV.GD.ZS","Cabo Verde","CPV","NA","NA","NA","NA","NA","NA","NA","NA","NA","NA","NA","NA","NA","NA","NA","NA","NA","NA","NA","NA","NA","NA","NA","NA","NA","NA","NA","NA","NA","NA","NA","NA","NA","NA","NA","NA","NA","NA","NA","NA","NA","NA","NA","NA","NA","NA","NA","NA","NA","NA","NA","0.07261","NA","NA","NA","NA","NA","NA"
Research and development expenditure (% of GDP),"GB.XPD.RSDV.GD.ZS","Cambodia","KHM","NA","NA","NA","NA","NA","NA","NA","NA","NA","NA","NA","NA","NA","NA","NA","NA","NA","NA","NA","NA","NA","NA","NA","NA","NA","NA","NA","NA","NA","NA","NA","NA","NA","NA","NA","NA","NA","NA","NA","NA","NA","NA","0.04974","NA","NA","NA","NA","NA","NA","NA","NA","NA","NA","NA","NA","0.11827","NA","NA"
Research and development expenditure (% of GDP),"GB.XPD.RSDV.GD.ZS","Cameroon","CMR","NA","NA","NA","NA","NA","NA","NA","NA","NA","NA","NA","NA","NA","NA","NA","NA","NA","NA","NA","NA","NA","NA","NA","NA","NA","NA","NA","NA","NA","NA","NA","NA","NA","NA","NA","NA","NA","NA","NA","NA","NA","NA","NA","NA","NA","NA","NA","NA","NA","NA","NA","NA","NA","NA","NA","NA","NA","NA"
Research and development expenditure (% of GDP),"GB.XPD.RSDV.GD.ZS","Canada","CAN","NA","NA","NA","NA","NA","NA","NA","NA","NA","NA","NA","NA","NA","NA","NA","NA","NA","NA","NA","NA","NA","NA","NA","NA","NA","NA","NA","NA","NA","NA","NA","NA","NA","NA","NA","NA","1.61214","1.61903","1.71697","1.7637","1.86873","2.02921","1.97782","1.97528","2.00594","1.97345","1.95161","1.91287","1.8637","1.91904","1.84066","1.79853","1.79709","1.69164","1.61548","NA","NA","NA"
Research and development expenditure (% of GDP),"GB.XPD.RSDV.GD.ZS","Cayman Islands","CYM","NA","NA","NA","NA","NA","NA","NA","NA","NA","NA","NA","NA","NA","NA","NA","NA","NA","NA","NA","NA","NA","NA","NA","NA","NA","NA","NA","NA","NA","NA","NA","NA","NA","NA","NA","NA","NA","NA","NA","NA","NA","NA","NA","NA","NA","NA","NA","NA","NA","NA","NA","NA","NA","NA","NA","NA","NA","NA"
Research and development expenditure (% of GDP),"GB.XPD.RSDV.GD.ZS","Central African Republic","CAF","NA","NA","NA","NA","NA","NA","NA","NA","NA","NA","NA","NA","NA","NA","NA","NA","NA","NA","NA","NA","NA","NA","NA","NA","NA","NA","NA","NA","NA","NA","NA","NA","NA","NA","NA","NA","NA","NA","NA","NA","NA","NA","NA","NA","NA","NA","NA","NA","NA","NA","NA","NA","NA","NA","NA","NA","NA","NA"
Research and development expenditure (% of GDP),"GB.XPD.RSDV.GD.ZS","Chad","TCD","NA","NA","NA","NA","NA","NA","NA","NA","NA","NA","NA","NA","NA","NA","NA","NA","NA","NA","NA","NA","NA","NA","NA","NA","NA","NA","NA","NA","NA","NA","NA","NA","NA","NA","NA","NA","NA","NA","NA","NA","NA","NA","NA","NA","NA","NA","NA","NA","NA","NA","NA","NA","NA","NA","NA","NA","NA","NA"
Research and development expenditure (% of GDP),"GB.XPD.RSDV.GD.ZS","Channel Islands","CHI","NA","NA","NA","NA","NA","NA","NA","NA","NA","NA","NA","NA","NA","NA","NA","NA","NA","NA","NA","NA","NA","NA","NA","NA","NA","NA","NA","NA","NA","NA","NA","NA","NA","NA","NA","NA","NA","NA","NA","NA","NA","NA","NA","NA","NA","NA","NA","NA","NA","NA","NA","NA","NA","NA","NA","NA","NA","NA"
Research and development expenditure (% of GDP),"GB.XPD.RSDV.GD.ZS","Chile","CHL","NA","NA","NA","NA","NA","NA","NA","NA","NA","NA","NA","NA","NA","NA","NA","NA","NA","NA","NA","NA","NA","NA","NA","NA","NA","NA","NA","NA","NA","NA","NA","NA","NA","NA","NA","NA","NA","NA","NA","NA","NA","NA","NA","NA","NA","NA","NA","0.3106","0.37518","0.35307","0.33098","0.35436","0.36486","0.39119","0.37655","0.38444","NA","NA"
Research and development expenditure (% of GDP),"GB.XPD.RSDV.GD.ZS","China","CHN","NA","NA","NA","NA","NA","NA","NA","NA","NA","NA","NA","NA","NA","NA","NA","NA","NA","NA","NA","NA","NA","NA","NA","NA","NA","NA","NA","NA","NA","NA","NA","NA","NA","NA","NA","NA","0.56334","0.63885","0.64685","0.74934","0.89566","0.93917","1.05541","1.12382","1.21378","1.31015","1.37128","1.37416","1.44251","1.66249","1.71007","1.77648","1.90711","1.99102","2.02106","2.06558","NA","NA"
Research and development expenditure (% of GDP),"GB.XPD.RSDV.GD.ZS","Colombia","COL","NA","NA","NA","NA","NA","NA","NA","NA","NA","NA","NA","NA","NA","NA","NA","NA","NA","NA","NA","NA","NA","NA","NA","NA","NA","NA","NA","NA","NA","NA","NA","NA","NA","NA","NA","NA","0.29837","0.273","NA","NA","0.1297","0.13174","0.13962","0.15621","0.15342","0.14995","0.14857","0.17704","0.19289","0.18956","0.18933","0.20294","0.21867","0.27318","0.25053","0.24177","NA","NA"
Research and development expenditure (% of GDP),"GB.XPD.RSDV.GD.ZS","Comoros","COM","NA","NA","NA","NA","NA","NA","NA","NA","NA","NA","NA","NA","NA","NA","NA","NA","NA","NA","NA","NA","NA","NA","NA","NA","NA","NA","NA","NA","NA","NA","NA","NA","NA","NA","NA","NA","NA","NA","NA","NA","NA","NA","NA","NA","NA","NA","NA","NA","NA","NA","NA","NA","NA","NA","NA","NA","NA","NA"
Research and development expenditure (% of GDP),"GB.XPD.RSDV.GD.ZS","Congo, Dem. Rep.","COD","NA","NA","NA","NA","NA","NA","NA","NA","NA","NA","NA","NA","NA","NA","NA","NA","NA","NA","NA","NA","NA","NA","NA","NA","NA","NA","NA","NA","NA","NA","NA","NA","NA","NA","NA","NA","NA","NA","NA","NA","NA","NA","NA","NA","0.268","0.05799","0.06114","0.13913","0.08536","0.07981","NA","NA","NA","NA","NA","NA","NA","NA"
Research and development expenditure (% of GDP),"GB.XPD.RSDV.GD.ZS","Congo, Rep.","COG","NA","NA","NA","NA","NA","NA","NA","NA","NA","NA","NA","NA","NA","NA","NA","NA","NA","NA","NA","NA","NA","NA","NA","NA","NA","NA","NA","NA","NA","NA","NA","NA","NA","NA","NA","NA","NA","NA","NA","NA","NA","NA","NA","NA","NA","NA","NA","NA","NA","NA","NA","NA","NA","NA","NA","NA","NA","NA"
Research and development expenditure (% of GDP),"GB.XPD.RSDV.GD.ZS","Costa Rica","CRI","NA","NA","NA","NA","NA","NA","NA","NA","NA","NA","NA","NA","NA","NA","NA","NA","NA","NA","NA","NA","NA","NA","NA","NA","NA","NA","NA","NA","NA","NA","NA","NA","NA","NA","NA","NA","0.30418","0.29712","0.26673","0.36871","0.41287","NA","NA","0.36325","0.37473","NA","0.42742","0.35885","0.38855","0.52091","0.48485","0.46718","0.55538","0.55704","0.5769","NA","NA","NA"
Research and development expenditure (% of GDP),"GB.XPD.RSDV.GD.ZS","Cote d'Ivoire","CIV","NA","NA","NA","NA","NA","NA","NA","NA","NA","NA","NA","NA","NA","NA","NA","NA","NA","NA","NA","NA","NA","NA","NA","NA","NA","NA","NA","NA","NA","NA","NA","NA","NA","NA","NA","NA","NA","NA","NA","NA","NA","NA","NA","NA","NA","NA","NA","NA","NA","NA","NA","NA","NA","NA","NA","NA","NA","NA"
Research and development expenditure (% of GDP),"GB.XPD.RSDV.GD.ZS","Croatia","HRV","NA","NA","NA","NA","NA","NA","NA","NA","NA","NA","NA","NA","NA","NA","NA","NA","NA","NA","NA","NA","NA","NA","NA","NA","NA","NA","NA","NA","NA","NA","NA","NA","NA","NA","NA","NA","NA","NA","NA","0.84202","1.0455","0.91772","0.94623","0.95216","1.03028","0.85619","0.74119","0.79301","0.88333","0.84416","0.74479","0.75143","0.75217","0.81455","0.79104","0.85439","NA","NA"
Research and development expenditure (% of GDP),"GB.XPD.RSDV.GD.ZS","Cuba","CUB","NA","NA","NA","NA","NA","NA","NA","NA","NA","NA","NA","NA","NA","NA","NA","NA","NA","NA","NA","NA","NA","NA","NA","NA","NA","NA","NA","NA","NA","NA","NA","NA","NA","NA","NA","NA","0.34736","0.40172","0.50123","0.45831","0.47865","0.56528","0.56445","0.58243","0.60231","0.5492","0.44139","0.43615","0.50061","0.61487","0.60767","0.27192","0.40717","0.47466","0.41596","0.42854","NA","NA"
Research and development expenditure (% of GDP),"GB.XPD.RSDV.GD.ZS","Curacao","CUW","NA","NA","NA","NA","NA","NA","NA","NA","NA","NA","NA","NA","NA","NA","NA","NA","NA","NA","NA","NA","NA","NA","NA","NA","NA","NA","NA","NA","NA","NA","NA","NA","NA","NA","NA","NA","NA","NA","NA","NA","NA","NA","NA","NA","NA","NA","NA","NA","NA","NA","NA","NA","NA","NA","NA","NA","NA","NA"
Research and development expenditure (% of GDP),"GB.XPD.RSDV.GD.ZS","Cyprus","CYP","NA","NA","NA","NA","NA","NA","NA","NA","NA","NA","NA","NA","NA","NA","NA","NA","NA","NA","NA","NA","NA","NA","NA","NA","NA","NA","NA","NA","NA","NA","NA","NA","NA","NA","NA","NA","NA","NA","0.20125","0.21567","0.2225","0.23314","0.27491","0.3177","0.33368","0.36197","0.37724","0.39826","0.38601","0.44442","0.44663","0.45047","0.42802","0.46268","0.47869","0.45585","NA","NA"
Research and development expenditure (% of GDP),"GB.XPD.RSDV.GD.ZS","Czech Republic","CZE","NA","NA","NA","NA","NA","NA","NA","NA","NA","NA","NA","NA","NA","NA","NA","NA","NA","NA","NA","NA","NA","NA","NA","NA","NA","NA","NA","NA","NA","NA","NA","NA","NA","NA","NA","NA","0.89858","0.99884","1.06846","1.05566","1.1176","1.10691","1.10682","1.15166","1.1465","1.17011","1.23271","1.30572","1.2406","1.29782","1.3411","1.55716","1.78227","1.89886","1.97458","1.94865","NA","NA"
Research and development expenditure (% of GDP),"GB.XPD.RSDV.GD.ZS","Denmark","DNK","NA","NA","NA","NA","NA","NA","NA","NA","NA","NA","NA","NA","NA","NA","NA","NA","NA","NA","NA","NA","NA","NA","NA","NA","NA","NA","NA","NA","NA","NA","NA","NA","NA","NA","NA","NA","1.80339","1.88278","1.99942","2.13025","NA","2.32725","2.44191","2.50518","2.41276","2.38733","2.40624","2.51374","2.77572","3.07684","2.93477","2.97177","3.00504","3.01688","2.97589","3.01387","NA","NA"
Research and development expenditure (% of GDP),"GB.XPD.RSDV.GD.ZS","Djibouti","DJI","NA","NA","NA","NA","NA","NA","NA","NA","NA","NA","NA","NA","NA","NA","NA","NA","NA","NA","NA","NA","NA","NA","NA","NA","NA","NA","NA","NA","NA","NA","NA","NA","NA","NA","NA","NA","NA","NA","NA","NA","NA","NA","NA","NA","NA","NA","NA","NA","NA","NA","NA","NA","NA","NA","NA","NA","NA","NA"
Research and development expenditure (% of GDP),"GB.XPD.RSDV.GD.ZS","Dominica","DMA","NA","NA","NA","NA","NA","NA","NA","NA","NA","NA","NA","NA","NA","NA","NA","NA","NA","NA","NA","NA","NA","NA","NA","NA","NA","NA","NA","NA","NA","NA","NA","NA","NA","NA","NA","NA","NA","NA","NA","NA","NA","NA","NA","NA","NA","NA","NA","NA","NA","NA","NA","NA","NA","NA","NA","NA","NA","NA"
Research and development expenditure (% of GDP),"GB.XPD.RSDV.GD.ZS","Dominican Republic","DOM","NA","NA","NA","NA","NA","NA","NA","NA","NA","NA","NA","NA","NA","NA","NA","NA","NA","NA","NA","NA","NA","NA","NA","NA","NA","NA","NA","NA","NA","NA","NA","NA","NA","NA","NA","NA","NA","NA","NA","NA","NA","NA","NA","NA","NA","NA","NA","NA","NA","NA","NA","NA","NA","NA","NA","NA","NA","NA"
Research and development expenditure (% of GDP),"GB.XPD.RSDV.GD.ZS","Ecuador","ECU","NA","NA","NA","NA","NA","NA","NA","NA","NA","NA","NA","NA","NA","NA","NA","NA","NA","NA","NA","NA","NA","NA","NA","NA","NA","NA","NA","NA","NA","NA","NA","NA","NA","NA","NA","NA","0.07406","0.06263","0.06517","NA","NA","0.0515","0.05534","0.05735","NA","NA","0.12863","0.13194","0.22779","0.39463","0.40297","0.33991","0.33236","0.3799","0.44148","NA","NA","NA"
Research and development expenditure (% of GDP),"GB.XPD.RSDV.GD.ZS","Egypt, Arab Rep.","EGY","NA","NA","NA","NA","NA","NA","NA","NA","NA","NA","NA","NA","NA","NA","NA","NA","NA","NA","NA","NA","NA","NA","NA","NA","NA","NA","NA","NA","NA","NA","NA","NA","NA","NA","NA","NA","0.21297","0.19748","0.19937","0.18627","0.19253","NA","NA","NA","0.2701","0.24119","0.2589","0.25503","0.27009","0.43404","0.43223","0.53197","0.51349","0.64603","0.64558","0.72269","NA","NA"
Research and development expenditure (% of GDP),"GB.XPD.RSDV.GD.ZS","El Salvador","SLV","NA","NA","NA","NA","NA","NA","NA","NA","NA","NA","NA","NA","NA","NA","NA","NA","NA","NA","NA","NA","NA","NA","NA","NA","NA","NA","NA","NA","NA","NA","NA","NA","NA","NA","NA","NA","NA","NA","0.08031","NA","NA","NA","NA","NA","NA","NA","NA","0.08935","0.11245","0.07744","0.06723","0.03112","0.03051","0.05768","0.08456","0.1302","NA","NA"
Research and development expenditure (% of GDP),"GB.XPD.RSDV.GD.ZS","Equatorial Guinea","GNQ","NA","NA","NA","NA","NA","NA","NA","NA","NA","NA","NA","NA","NA","NA","NA","NA","NA","NA","NA","NA","NA","NA","NA","NA","NA","NA","NA","NA","NA","NA","NA","NA","NA","NA","NA","NA","NA","NA","NA","NA","NA","NA","NA","NA","NA","NA","NA","NA","NA","NA","NA","NA","NA","NA","NA","NA","NA","NA"
Research and development expenditure (% of GDP),"GB.XPD.RSDV.GD.ZS","Eritrea","ERI","NA","NA","NA","NA","NA","NA","NA","NA","NA","NA","NA","NA","NA","NA","NA","NA","NA","NA","NA","NA","NA","NA","NA","NA","NA","NA","NA","NA","NA","NA","NA","NA","NA","NA","NA","NA","NA","NA","NA","NA","NA","NA","NA","NA","NA","NA","NA","NA","NA","NA","NA","NA","NA","NA","NA","NA","NA","NA"
Research and development expenditure (% of GDP),"GB.XPD.RSDV.GD.ZS","Estonia","EST","NA","NA","NA","NA","NA","NA","NA","NA","NA","NA","NA","NA","NA","NA","NA","NA","NA","NA","NA","NA","NA","NA","NA","NA","NA","NA","NA","NA","NA","NA","NA","NA","NA","NA","NA","NA","NA","NA","0.57074","0.68063","0.60009","0.69946","0.71649","0.76777","0.85193","0.92364","1.11666","1.06884","1.25952","1.39541","1.58162","2.30655","2.12265","1.72601","1.45122","1.49502","NA","NA"
Research and development expenditure (% of GDP),"GB.XPD.RSDV.GD.ZS","Eswatini","SWZ","NA","NA","NA","NA","NA","NA","NA","NA","NA","NA","NA","NA","NA","NA","NA","NA","NA","NA","NA","NA","NA","NA","NA","NA","NA","NA","NA","NA","NA","NA","NA","NA","NA","NA","NA","NA","NA","NA","NA","NA","NA","NA","NA","NA","NA","NA","NA","NA","NA","NA","NA","NA","NA","NA","NA","NA","NA","NA"
Research and development expenditure (% of GDP),"GB.XPD.RSDV.GD.ZS","Ethiopia","ETH","NA","NA","NA","NA","NA","NA","NA","NA","NA","NA","NA","NA","NA","NA","NA","NA","NA","NA","NA","NA","NA","NA","NA","NA","NA","NA","NA","NA","NA","NA","NA","NA","NA","NA","NA","NA","NA","NA","NA","NA","NA","NA","NA","NA","NA","0.17965","NA","0.1712","NA","NA","0.24129","NA","NA","0.60468","NA","NA","NA","NA"
Research and development expenditure (% of GDP),"GB.XPD.RSDV.GD.ZS","Faroe Islands","FRO","NA","NA","NA","NA","NA","NA","NA","NA","NA","NA","NA","NA","NA","NA","NA","NA","NA","NA","NA","NA","NA","NA","NA","NA","NA","NA","NA","NA","NA","NA","NA","NA","NA","NA","NA","NA","NA","NA","NA","NA","NA","NA","NA","0.86117","NA","NA","NA","NA","NA","NA","NA","NA","NA","NA","NA","NA","NA","NA"
Research and development expenditure (% of GDP),"GB.XPD.RSDV.GD.ZS","Fiji","FJI","NA","NA","NA","NA","NA","NA","NA","NA","NA","NA","NA","NA","NA","NA","NA","NA","NA","NA","NA","NA","NA","NA","NA","NA","NA","NA","NA","NA","NA","NA","NA","NA","NA","NA","NA","NA","NA","NA","NA","NA","NA","NA","NA","NA","NA","NA","NA","NA","NA","NA","NA","NA","NA","NA","NA","NA","NA","NA"
Research and development expenditure (% of GDP),"GB.XPD.RSDV.GD.ZS","Finland","FIN","NA","NA","NA","NA","NA","NA","NA","NA","NA","NA","NA","NA","NA","NA","NA","NA","NA","NA","NA","NA","NA","NA","NA","NA","NA","NA","NA","NA","NA","NA","NA","NA","NA","NA","NA","NA","2.45455","2.61702","2.79542","3.05417","3.25192","3.20765","3.26376","3.29278","3.32495","3.33762","3.33017","3.33833","3.5418","3.74943","3.72797","3.63639","3.41594","3.29266","3.17663","2.90474","NA","NA"
Research and development expenditure (% of GDP),"GB.XPD.RSDV.GD.ZS","France","FRA","NA","NA","NA","NA","NA","NA","NA","NA","NA","NA","NA","NA","NA","NA","NA","NA","NA","NA","NA","NA","NA","NA","NA","NA","NA","NA","NA","NA","NA","NA","NA","NA","NA","NA","NA","NA","2.20916","2.13506","2.08228","2.09421","2.07742","2.13554","2.17153","2.10787","2.08729","2.04676","2.04889","2.01554","2.05332","2.20799","2.17344","2.18988","2.22579","2.23406","2.23919","2.23135","NA","NA"
Research and development expenditure (% of GDP),"GB.XPD.RSDV.GD.ZS","French Polynesia","PYF","NA","NA","NA","NA","NA","NA","NA","NA","NA","NA","NA","NA","NA","NA","NA","NA","NA","NA","NA","NA","NA","NA","NA","NA","NA","NA","NA","NA","NA","NA","NA","NA","NA","NA","NA","NA","NA","NA","NA","NA","NA","NA","NA","NA","NA","NA","NA","NA","NA","NA","NA","NA","NA","NA","NA","NA","NA","NA"
Research and development expenditure (% of GDP),"GB.XPD.RSDV.GD.ZS","Gabon","GAB","NA","NA","NA","NA","NA","NA","NA","NA","NA","NA","NA","NA","NA","NA","NA","NA","NA","NA","NA","NA","NA","NA","NA","NA","NA","NA","NA","NA","NA","NA","NA","NA","NA","NA","NA","NA","NA","NA","NA","NA","NA","NA","NA","NA","NA","NA","NA","0.41644","0.51125","0.57893","NA","NA","NA","NA","NA","NA","NA","NA"
Research and development expenditure (% of GDP),"GB.XPD.RSDV.GD.ZS","Gambia, The","GMB","NA","NA","NA","NA","NA","NA","NA","NA","NA","NA","NA","NA","NA","NA","NA","NA","NA","NA","NA","NA","NA","NA","NA","NA","NA","NA","NA","NA","NA","NA","NA","NA","NA","NA","NA","NA","NA","NA","NA","NA","NA","NA","NA","NA","NA","NA","NA","NA","0.02039","0.01748","NA","0.13221","NA","NA","NA","NA","NA","NA"
Research and development expenditure (% of GDP),"GB.XPD.RSDV.GD.ZS","Georgia","GEO","NA","NA","NA","NA","NA","NA","NA","NA","NA","NA","NA","NA","NA","NA","NA","NA","NA","NA","NA","NA","NA","NA","NA","NA","NA","NA","NA","NA","NA","NA","NA","NA","NA","NA","NA","NA","0.33088","0.3424","0.35384","0.28769","0.2153","0.23848","0.18574","0.2176","0.2442","0.17658","NA","NA","NA","NA","NA","NA","NA","0.08367","0.1849","0.32046","NA","NA"
Research and development expenditure (% of GDP),"GB.XPD.RSDV.GD.ZS","Germany","DEU","NA","NA","NA","NA","NA","NA","NA","NA","NA","NA","NA","NA","NA","NA","NA","NA","NA","NA","NA","NA","NA","NA","NA","NA","NA","NA","NA","NA","NA","NA","NA","NA","NA","NA","NA","NA","2.13308","2.17558","2.21036","2.33936","2.38769","2.38541","2.41465","2.45669","2.42145","2.42344","2.45938","2.44948","2.59889","2.72675","2.71373","2.79885","2.86632","2.8173","2.89227","2.87749","NA","NA"
Research and development expenditure (% of GDP),"GB.XPD.RSDV.GD.ZS","Ghana","GHA","NA","NA","NA","NA","NA","NA","NA","NA","NA","NA","NA","NA","NA","NA","NA","NA","NA","NA","NA","NA","NA","NA","NA","NA","NA","NA","NA","NA","NA","NA","NA","NA","NA","NA","NA","NA","NA","NA","NA","NA","NA","NA","NA","NA","NA","NA","NA","0.23157","NA","NA","0.37655","NA","NA","NA","NA","NA","NA","NA"
Research and development expenditure (% of GDP),"GB.XPD.RSDV.GD.ZS","Gibraltar","GIB","NA","NA","NA","NA","NA","NA","NA","NA","NA","NA","NA","NA","NA","NA","NA","NA","NA","NA","NA","NA","NA","NA","NA","NA","NA","NA","NA","NA","NA","NA","NA","NA","NA","NA","NA","NA","NA","NA","NA","NA","NA","NA","NA","NA","NA","NA","NA","NA","NA","NA","NA","NA","NA","NA","NA","NA","NA","NA"
Research and development expenditure (% of GDP),"GB.XPD.RSDV.GD.ZS","Greece","GRC","NA","NA","NA","NA","NA","NA","NA","NA","NA","NA","NA","NA","NA","NA","NA","NA","NA","NA","NA","NA","NA","NA","NA","NA","NA","NA","NA","NA","NA","NA","NA","NA","NA","NA","NA","NA","NA","0.42802","NA","0.56734","NA","0.5602","NA","0.54625","0.52653","0.57966","0.56083","0.57579","0.66181","0.62434","0.59846","0.67206","0.70031","0.80976","0.83637","0.95673","NA","NA"
Research and development expenditure (% of GDP),"GB.XPD.RSDV.GD.ZS","Greenland","GRL","NA","NA","NA","NA","NA","NA","NA","NA","NA","NA","NA","NA","NA","NA","NA","NA","NA","NA","NA","NA","NA","NA","NA","NA","NA","NA","NA","NA","NA","NA","NA","NA","NA","NA","NA","NA","NA","NA","NA","NA","NA","0.52741","0.55628","0.56467","0.72808","NA","NA","NA","NA","NA","NA","NA","NA","NA","NA","NA","NA","NA"
Research and development expenditure (% of GDP),"GB.XPD.RSDV.GD.ZS","Grenada","GRD","NA","NA","NA","NA","NA","NA","NA","NA","NA","NA","NA","NA","NA","NA","NA","NA","NA","NA","NA","NA","NA","NA","NA","NA","NA","NA","NA","NA","NA","NA","NA","NA","NA","NA","NA","NA","NA","NA","NA","NA","NA","NA","NA","NA","NA","NA","NA","NA","NA","NA","NA","NA","NA","NA","NA","NA","NA","NA"
Research and development expenditure (% of GDP),"GB.XPD.RSDV.GD.ZS","Guam","GUM","NA","NA","NA","NA","NA","NA","NA","NA","NA","NA","NA","NA","NA","NA","NA","NA","NA","NA","NA","NA","NA","NA","NA","NA","NA","NA","NA","NA","NA","NA","NA","NA","NA","NA","NA","NA","NA","NA","NA","NA","NA","NA","NA","NA","NA","NA","NA","NA","NA","NA","NA","NA","NA","NA","NA","NA","NA","NA"
Research and development expenditure (% of GDP),"GB.XPD.RSDV.GD.ZS","Guatemala","GTM","NA","NA","NA","NA","NA","NA","NA","NA","NA","NA","NA","NA","NA","NA","NA","NA","NA","NA","NA","NA","NA","NA","NA","NA","NA","NA","NA","NA","NA","NA","NA","NA","NA","NA","NA","NA","NA","NA","NA","NA","NA","NA","NA","NA","NA","0.03495","0.04926","0.06668","0.06186","0.05529","0.04351","0.04814","0.04468","NA","NA","NA","NA","NA"
Research and development expenditure (% of GDP),"GB.XPD.RSDV.GD.ZS","Guinea","GIN","NA","NA","NA","NA","NA","NA","NA","NA","NA","NA","NA","NA","NA","NA","NA","NA","NA","NA","NA","NA","NA","NA","NA","NA","NA","NA","NA","NA","NA","NA","NA","NA","NA","NA","NA","NA","NA","NA","NA","NA","NA","NA","NA","NA","NA","NA","NA","NA","NA","NA","NA","NA","NA","NA","NA","NA","NA","NA"
Research and development expenditure (% of GDP),"GB.XPD.RSDV.GD.ZS","Guinea-Bissau","GNB","NA","NA","NA","NA","NA","NA","NA","NA","NA","NA","NA","NA","NA","NA","NA","NA","NA","NA","NA","NA","NA","NA","NA","NA","NA","NA","NA","NA","NA","NA","NA","NA","NA","NA","NA","NA","NA","NA","NA","NA","NA","NA","NA","NA","NA","NA","NA","NA","NA","NA","NA","NA","NA","NA","NA","NA","NA","NA"
Research and development expenditure (% of GDP),"GB.XPD.RSDV.GD.ZS","Guyana","GUY","NA","NA","NA","NA","NA","NA","NA","NA","NA","NA","NA","NA","NA","NA","NA","NA","NA","NA","NA","NA","NA","NA","NA","NA","NA","NA","NA","NA","NA","NA","NA","NA","NA","NA","NA","NA","NA","NA","NA","NA","NA","NA","NA","NA","NA","NA","NA","NA","NA","NA","NA","NA","NA","NA","NA","NA","NA","NA"
Research and development expenditure (% of GDP),"GB.XPD.RSDV.GD.ZS","Haiti","HTI","NA","NA","NA","NA","NA","NA","NA","NA","NA","NA","NA","NA","NA","NA","NA","NA","NA","NA","NA","NA","NA","NA","NA","NA","NA","NA","NA","NA","NA","NA","NA","NA","NA","NA","NA","NA","NA","NA","NA","NA","NA","NA","NA","NA","NA","NA","NA","NA","NA","NA","NA","NA","NA","NA","NA","NA","NA","NA"
Research and development expenditure (% of GDP),"GB.XPD.RSDV.GD.ZS","Honduras","HND","NA","NA","NA","NA","NA","NA","NA","NA","NA","NA","NA","NA","NA","NA","NA","NA","NA","NA","NA","NA","NA","NA","NA","NA","NA","NA","NA","NA","NA","NA","NA","NA","NA","NA","NA","NA","NA","NA","NA","NA","0.04438","0.03847","0.04186","0.0421","0.04143","NA","NA","NA","NA","NA","NA","NA","NA","NA","NA","NA","NA","NA"
Research and development expenditure (% of GDP),"GB.XPD.RSDV.GD.ZS","Hong Kong SAR, China","HKG","NA","NA","NA","NA","NA","NA","NA","NA","NA","NA","NA","NA","NA","NA","NA","NA","NA","NA","NA","NA","NA","NA","NA","NA","NA","NA","NA","NA","NA","NA","NA","NA","NA","NA","NA","NA","NA","NA","0.42767","0.45623","0.46406","0.53692","0.58028","0.67848","0.72009","0.7746","0.79646","0.75196","0.7189","0.77307","0.74792","0.72252","0.72628","0.72959","0.74015","0.76128","NA","NA"
Research and development expenditure (% of GDP),"GB.XPD.RSDV.GD.ZS","Hungary","HUN","NA","NA","NA","NA","NA","NA","NA","NA","NA","NA","NA","NA","NA","NA","NA","NA","NA","NA","NA","NA","NA","NA","NA","NA","NA","NA","NA","NA","NA","NA","NA","NA","NA","NA","NA","NA","0.63225","0.7009","0.65981","0.67403","0.79239","0.91302","0.98546","0.92028","0.86441","0.9234","0.98328","0.95974","0.98298","1.13749","1.14469","1.19339","1.26719","1.39568","1.3614","1.37762","NA","NA"
Research and development expenditure (% of GDP),"GB.XPD.RSDV.GD.ZS","Iceland","ISL","NA","NA","NA","NA","NA","NA","NA","NA","NA","NA","NA","NA","NA","NA","NA","NA","NA","NA","NA","NA","NA","NA","NA","NA","NA","NA","NA","NA","NA","NA","NA","NA","NA","NA","NA","NA","NA","1.79048","1.95881","2.24793","2.59972","2.87674","2.86869","2.73587","NA","2.70886","2.91379","2.58313","2.54354","2.65657","NA","2.49558","NA","1.77353","2.02991","2.21493","NA","NA"
Research and development expenditure (% of GDP),"GB.XPD.RSDV.GD.ZS","India","IND","NA","NA","NA","NA","NA","NA","NA","NA","NA","NA","NA","NA","NA","NA","NA","NA","NA","NA","NA","NA","NA","NA","NA","NA","NA","NA","NA","NA","NA","NA","NA","NA","NA","NA","NA","NA","0.62772","0.67588","0.69295","0.71275","0.74306","0.72196","0.71213","0.70727","0.74436","0.81118","0.7981","0.81483","0.86728","0.84461","0.8219","0.8309","NA","NA","NA","0.6274","NA","NA"
Research and development expenditure (% of GDP),"GB.XPD.RSDV.GD.ZS","Indonesia","IDN","NA","NA","NA","NA","NA","NA","NA","NA","NA","NA","NA","NA","NA","NA","NA","NA","NA","NA","NA","NA","NA","NA","NA","NA","NA","NA","NA","NA","NA","NA","NA","NA","NA","NA","NA","NA","NA","NA","NA","NA","0.06768","0.04746","NA","NA","NA","NA","NA","NA","NA","0.08327","NA","NA","NA","0.08466","NA","NA","NA","NA"
Research and development expenditure (% of GDP),"GB.XPD.RSDV.GD.ZS","Iran, Islamic Rep.","IRN","NA","NA","NA","NA","NA","NA","NA","NA","NA","NA","NA","NA","NA","NA","NA","NA","NA","NA","NA","NA","NA","NA","NA","NA","NA","NA","NA","NA","NA","NA","NA","NA","NA","NA","NA","NA","NA","NA","NA","NA","NA","0.50239","0.49734","0.59396","0.52274","0.64178","0.57624","NA","0.67201","0.28416","0.27741","NA","0.32505","NA","NA","NA","NA","NA"
Research and development expenditure (% of GDP),"GB.XPD.RSDV.GD.ZS","Iraq","IRQ","NA","NA","NA","NA","NA","NA","NA","NA","NA","NA","NA","NA","NA","NA","NA","NA","NA","NA","NA","NA","NA","NA","NA","NA","NA","NA","NA","NA","NA","NA","NA","NA","NA","NA","NA","NA","NA","NA","NA","NA","NA","NA","NA","NA","NA","NA","NA","0.04573","0.03436","0.04549","0.03686","0.03482","NA","NA","0.03826","0.03724","NA","NA"
Research and development expenditure (% of GDP),"GB.XPD.RSDV.GD.ZS","Ireland","IRL","NA","NA","NA","NA","NA","NA","NA","NA","NA","NA","NA","NA","NA","NA","NA","NA","NA","NA","NA","NA","NA","NA","NA","NA","NA","NA","NA","NA","NA","NA","NA","NA","NA","NA","NA","NA","1.27032","1.24331","1.20919","1.15232","1.0888","1.0527","1.05574","1.1211","1.17974","1.19412","1.19832","1.23452","1.38596","1.60915","1.59851","1.54098","1.55335","1.56286","1.51368","NA","NA","NA"
Research and development expenditure (% of GDP),"GB.XPD.RSDV.GD.ZS","Isle of Man","IMN","NA","NA","NA","NA","NA","NA","NA","NA","NA","NA","NA","NA","NA","NA","NA","NA","NA","NA","NA","NA","NA","NA","NA","NA","NA","NA","NA","NA","NA","NA","NA","NA","NA","NA","NA","NA","NA","NA","NA","NA","NA","NA","NA","NA","NA","NA","NA","NA","NA","NA","NA","NA","NA","NA","NA","NA","NA","NA"
Research and development expenditure (% of GDP),"GB.XPD.RSDV.GD.ZS","Israel","ISR","NA","NA","NA","NA","NA","NA","NA","NA","NA","NA","NA","NA","NA","NA","NA","NA","NA","NA","NA","NA","NA","NA","NA","NA","NA","NA","NA","NA","NA","NA","NA","NA","NA","NA","NA","NA","2.59849","2.81177","2.92266","3.32875","3.93039","4.1844","4.12967","3.90125","3.87478","4.03952","4.13102","4.40546","4.32767","4.12196","3.93949","4.01776","4.16273","4.14179","4.28852","4.26632","NA","NA"
Research and development expenditure (% of GDP),"GB.XPD.RSDV.GD.ZS","Italy","ITA","NA","NA","NA","NA","NA","NA","NA","NA","NA","NA","NA","NA","NA","NA","NA","NA","NA","NA","NA","NA","NA","NA","NA","NA","NA","NA","NA","NA","NA","NA","NA","NA","NA","NA","NA","NA","0.95124","0.98983","1.00386","0.98497","1.00486","1.04402","1.08144","1.06252","1.05193","1.0469","1.08589","1.13239","1.1652","1.2235","1.22656","1.20796","1.27345","1.31144","1.37599","1.33488","NA","NA"
Research and development expenditure (% of GDP),"GB.XPD.RSDV.GD.ZS","Jamaica","JAM","NA","NA","NA","NA","NA","NA","NA","NA","NA","NA","NA","NA","NA","NA","NA","NA","NA","NA","NA","NA","NA","NA","NA","NA","NA","NA","NA","NA","NA","NA","NA","NA","NA","NA","NA","NA","NA","NA","NA","NA","NA","0.04956","0.0609","NA","NA","NA","NA","NA","NA","NA","NA","NA","NA","NA","NA","NA","NA","NA"
Research and development expenditure (% of GDP),"GB.XPD.RSDV.GD.ZS","Japan","JPN","NA","NA","NA","NA","NA","NA","NA","NA","NA","NA","NA","NA","NA","NA","NA","NA","NA","NA","NA","NA","NA","NA","NA","NA","NA","NA","NA","NA","NA","NA","NA","NA","NA","NA","NA","NA","2.69108","2.77042","2.87296","2.8909","2.90407","2.97186","3.01386","3.04532","3.02932","3.1818","3.27769","3.33764","3.33536","3.22811","3.1393","3.24747","3.20881","3.31612","3.3994","3.28363","NA","NA"
Research and development expenditure (% of GDP),"GB.XPD.RSDV.GD.ZS","Jordan","JOR","NA","NA","NA","NA","NA","NA","NA","NA","NA","NA","NA","NA","NA","NA","NA","NA","NA","NA","NA","NA","NA","NA","NA","NA","NA","NA","NA","NA","NA","NA","NA","NA","NA","NA","NA","NA","NA","NA","NA","NA","NA","NA","0.33696","NA","NA","NA","NA","NA","0.4347","NA","NA","NA","NA","NA","NA","NA","NA","NA"
Research and development expenditure (% of GDP),"GB.XPD.RSDV.GD.ZS","Kazakhstan","KAZ","NA","NA","NA","NA","NA","NA","NA","NA","NA","NA","NA","NA","NA","NA","NA","NA","NA","NA","NA","NA","NA","NA","NA","NA","NA","NA","NA","NA","NA","NA","NA","NA","NA","NA","NA","NA","NA","0.29375","0.2208","0.18351","0.18103","0.22013","0.25484","0.25257","0.24838","0.28363","0.24314","0.20965","0.21591","0.22935","0.15352","0.15373","0.16533","0.17131","0.16712","0.16944","NA","NA"
Research and development expenditure (% of GDP),"GB.XPD.RSDV.GD.ZS","Kenya","KEN","NA","NA","NA","NA","NA","NA","NA","NA","NA","NA","NA","NA","NA","NA","NA","NA","NA","NA","NA","NA","NA","NA","NA","NA","NA","NA","NA","NA","NA","NA","NA","NA","NA","NA","NA","NA","NA","NA","NA","NA","NA","NA","NA","NA","NA","NA","NA","0.35544","NA","NA","0.7856","NA","NA","NA","NA","NA","NA","NA"
Research and development expenditure (% of GDP),"GB.XPD.RSDV.GD.ZS","Kiribati","KIR","NA","NA","NA","NA","NA","NA","NA","NA","NA","NA","NA","NA","NA","NA","NA","NA","NA","NA","NA","NA","NA","NA","NA","NA","NA","NA","NA","NA","NA","NA","NA","NA","NA","NA","NA","NA","NA","NA","NA","NA","NA","NA","NA","NA","NA","NA","NA","NA","NA","NA","NA","NA","NA","NA","NA","NA","NA","NA"
Research and development expenditure (% of GDP),"GB.XPD.RSDV.GD.ZS","Korea, Dem. People’s Rep.","PRK","NA","NA","NA","NA","NA","NA","NA","NA","NA","NA","NA","NA","NA","NA","NA","NA","NA","NA","NA","NA","NA","NA","NA","NA","NA","NA","NA","NA","NA","NA","NA","NA","NA","NA","NA","NA","NA","NA","NA","NA","NA","NA","NA","NA","NA","NA","NA","NA","NA","NA","NA","NA","NA","NA","NA","NA","NA","NA"
Research and development expenditure (% of GDP),"GB.XPD.RSDV.GD.ZS","Korea, Rep.","KOR","NA","NA","NA","NA","NA","NA","NA","NA","NA","NA","NA","NA","NA","NA","NA","NA","NA","NA","NA","NA","NA","NA","NA","NA","NA","NA","NA","NA","NA","NA","NA","NA","NA","NA","NA","NA","2.2429","2.28627","2.14709","2.06259","2.18087","2.34165","2.27363","2.35126","2.53257","2.62559","2.83082","3.00975","3.13619","3.29813","3.45314","3.75116","4.01812","4.14692","4.27746","4.22816","NA","NA"
Research and development expenditure (% of GDP),"GB.XPD.RSDV.GD.ZS","Kosovo","XKX","NA","NA","NA","NA","NA","NA","NA","NA","NA","NA","NA","NA","NA","NA","NA","NA","NA","NA","NA","NA","NA","NA","NA","NA","NA","NA","NA","NA","NA","NA","NA","NA","NA","NA","NA","NA","NA","NA","NA","NA","NA","NA","NA","NA","NA","NA","NA","NA","NA","NA","NA","NA","NA","NA","NA","NA","NA","NA"
Research and development expenditure (% of GDP),"GB.XPD.RSDV.GD.ZS","Kuwait","KWT","NA","NA","NA","NA","NA","NA","NA","NA","NA","NA","NA","NA","NA","NA","NA","NA","NA","NA","NA","NA","NA","NA","NA","NA","NA","NA","NA","NA","NA","NA","NA","NA","NA","NA","NA","NA","NA","0.20539","0.25795","0.19764","0.12543","0.17882","0.18001","0.14347","0.1301","0.10083","0.08478","0.08585","0.0855","0.1122","0.1014","0.09898","0.09721","0.30153","NA","NA","NA","NA"
Research and development expenditure (% of GDP),"GB.XPD.RSDV.GD.ZS","Kyrgyz Republic","KGZ","NA","NA","NA","NA","NA","NA","NA","NA","NA","NA","NA","NA","NA","NA","NA","NA","NA","NA","NA","NA","NA","NA","NA","NA","NA","NA","NA","NA","NA","NA","NA","NA","NA","NA","NA","NA","NA","0.1939","0.21064","0.17992","0.15637","0.17189","0.1981","0.22272","0.19926","0.19842","0.22974","0.23408","0.19016","0.16015","0.15573","0.15633","0.16635","0.14926","0.12527","0.12086","NA","NA"
Research and development expenditure (% of GDP),"GB.XPD.RSDV.GD.ZS","Lao PDR","LAO","NA","NA","NA","NA","NA","NA","NA","NA","NA","NA","NA","NA","NA","NA","NA","NA","NA","NA","NA","NA","NA","NA","NA","NA","NA","NA","NA","NA","NA","NA","NA","NA","NA","NA","NA","NA","NA","NA","NA","NA","NA","NA","0.03706","NA","NA","NA","NA","NA","NA","NA","NA","NA","NA","NA","NA","NA","NA","NA"
Research and development expenditure (% of GDP),"GB.XPD.RSDV.GD.ZS","Latvia","LVA","NA","NA","NA","NA","NA","NA","NA","NA","NA","NA","NA","NA","NA","NA","NA","NA","NA","NA","NA","NA","NA","NA","NA","NA","NA","NA","NA","NA","NA","NA","NA","NA","NA","NA","NA","NA","0.39723","0.3664","0.37876","0.35186","0.43598","0.40321","0.40888","0.36002","0.40013","0.52959","0.65063","0.55379","0.58139","0.45271","0.61078","0.69777","0.66537","0.61254","0.6896","0.6255","NA","NA"
Research and development expenditure (% of GDP),"GB.XPD.RSDV.GD.ZS","Lebanon","LBN","NA","NA","NA","NA","NA","NA","NA","NA","NA","NA","NA","NA","NA","NA","NA","NA","NA","NA","NA","NA","NA","NA","NA","NA","NA","NA","NA","NA","NA","NA","NA","NA","NA","NA","NA","NA","NA","NA","NA","NA","NA","NA","NA","NA","NA","NA","NA","NA","NA","NA","NA","NA","NA","NA","NA","NA","NA","NA"
Research and development expenditure (% of GDP),"GB.XPD.RSDV.GD.ZS","Lesotho","LSO","NA","NA","NA","NA","NA","NA","NA","NA","NA","NA","NA","NA","NA","NA","NA","NA","NA","NA","NA","NA","NA","NA","NA","NA","NA","NA","NA","NA","NA","NA","NA","NA","NA","NA","NA","NA","NA","NA","NA","NA","NA","NA","0.04185","0.04295","0.05532","NA","NA","NA","NA","0.02709","NA","0.01158","NA","NA","NA","0.05284","NA","NA"
Research and development expenditure (% of GDP),"GB.XPD.RSDV.GD.ZS","Liberia","LBR","NA","NA","NA","NA","NA","NA","NA","NA","NA","NA","NA","NA","NA","NA","NA","NA","NA","NA","NA","NA","NA","NA","NA","NA","NA","NA","NA","NA","NA","NA","NA","NA","NA","NA","NA","NA","NA","NA","NA","NA","NA","NA","NA","NA","NA","NA","NA","NA","NA","NA","NA","NA","NA","NA","NA","NA","NA","NA"
Research and development expenditure (% of GDP),"GB.XPD.RSDV.GD.ZS","Libya","LBY","NA","NA","NA","NA","NA","NA","NA","NA","NA","NA","NA","NA","NA","NA","NA","NA","NA","NA","NA","NA","NA","NA","NA","NA","NA","NA","NA","NA","NA","NA","NA","NA","NA","NA","NA","NA","NA","NA","NA","NA","NA","NA","NA","NA","NA","NA","NA","NA","NA","NA","NA","NA","NA","NA","NA","NA","NA","NA"
Research and development expenditure (% of GDP),"GB.XPD.RSDV.GD.ZS","Liechtenstein","LIE","NA","NA","NA","NA","NA","NA","NA","NA","NA","NA","NA","NA","NA","NA","NA","NA","NA","NA","NA","NA","NA","NA","NA","NA","NA","NA","NA","NA","NA","NA","NA","NA","NA","NA","NA","NA","NA","NA","NA","NA","NA","NA","NA","NA","NA","NA","NA","NA","NA","NA","NA","NA","NA","NA","NA","NA","NA","NA"
Research and development expenditure (% of GDP),"GB.XPD.RSDV.GD.ZS","Lithuania","LTU","NA","NA","NA","NA","NA","NA","NA","NA","NA","NA","NA","NA","NA","NA","NA","NA","NA","NA","NA","NA","NA","NA","NA","NA","NA","NA","NA","NA","NA","NA","NA","NA","NA","NA","NA","NA","0.49155","0.53658","0.54377","0.502","0.5848","0.66679","0.6567","0.66339","0.75066","0.74741","0.79119","0.80093","0.78844","0.82967","0.78348","0.90425","0.89506","0.95081","1.03398","1.04246","NA","NA"
Research and development expenditure (% of GDP),"GB.XPD.RSDV.GD.ZS","Luxembourg","LUX","NA","NA","NA","NA","NA","NA","NA","NA","NA","NA","NA","NA","NA","NA","NA","NA","NA","NA","NA","NA","NA","NA","NA","NA","NA","NA","NA","NA","NA","NA","NA","NA","NA","NA","NA","NA","NA","NA","NA","NA","1.59038","NA","NA","1.64546","1.61855","1.58744","1.68666","1.60909","1.64367","1.71026","1.52737","1.49526","1.28839","1.3015","1.288","1.28773","NA","NA"
Research and development expenditure (% of GDP),"GB.XPD.RSDV.GD.ZS","Macao SAR, China","MAC","NA","NA","NA","NA","NA","NA","NA","NA","NA","NA","NA","NA","NA","NA","NA","NA","NA","NA","NA","NA","NA","NA","NA","NA","NA","NA","NA","NA","NA","NA","NA","NA","NA","NA","NA","NA","NA","NA","NA","NA","NA","0.06268","0.07004","0.06283","0.05373","0.08809","0.08361","0.0573","0.10145","0.05451","0.05034","0.04449","0.04804","0.05113","0.08687","0.13305","NA","NA"
Research and development expenditure (% of GDP),"GB.XPD.RSDV.GD.ZS","Macedonia, FYR","MKD","NA","NA","NA","NA","NA","NA","NA","NA","NA","NA","NA","NA","NA","NA","NA","NA","NA","NA","NA","NA","NA","NA","NA","NA","NA","NA","NA","NA","NA","NA","NA","NA","NA","NA","NA","NA","NA","0.37777","0.42955","0.34512","0.41828","0.29355","0.24422","0.2104","0.2322","0.22858","0.19364","0.17088","0.22352","0.19661","0.21649","0.22284","0.32655","0.43884","0.51806","0.44329","NA","NA"
Research and development expenditure (% of GDP),"GB.XPD.RSDV.GD.ZS","Madagascar","MDG","NA","NA","NA","NA","NA","NA","NA","NA","NA","NA","NA","NA","NA","NA","NA","NA","NA","NA","NA","NA","NA","NA","NA","NA","NA","NA","NA","NA","NA","NA","NA","NA","NA","NA","NA","NA","NA","0.22033","0.1104","0.09604","0.11973","0.21816","0.24545","0.33835","0.22341","0.17541","0.16394","0.13996","0.13388","0.14706","0.11352","0.10606","NA","NA","0.01549","NA","NA","NA"
Research and development expenditure (% of GDP),"GB.XPD.RSDV.GD.ZS","Malawi","MWI","NA","NA","NA","NA","NA","NA","NA","NA","NA","NA","NA","NA","NA","NA","NA","NA","NA","NA","NA","NA","NA","NA","NA","NA","NA","NA","NA","NA","NA","NA","NA","NA","NA","NA","NA","NA","NA","NA","NA","NA","NA","NA","NA","NA","NA","NA","NA","NA","NA","NA","NA","NA","NA","NA","NA","NA","NA","NA"
Research and development expenditure (% of GDP),"GB.XPD.RSDV.GD.ZS","Malaysia","MYS","NA","NA","NA","NA","NA","NA","NA","NA","NA","NA","NA","NA","NA","NA","NA","NA","NA","NA","NA","NA","NA","NA","NA","NA","NA","NA","NA","NA","NA","NA","NA","NA","NA","NA","NA","NA","0.21622","NA","0.39823","NA","0.46952","NA","0.6529","NA","0.59996","NA","0.61084","NA","0.78842","1.0098","1.03663","1.03311","1.09298","NA","1.2587","1.29813","NA","NA"
Research and development expenditure (% of GDP),"GB.XPD.RSDV.GD.ZS","Maldives","MDV","NA","NA","NA","NA","NA","NA","NA","NA","NA","NA","NA","NA","NA","NA","NA","NA","NA","NA","NA","NA","NA","NA","NA","NA","NA","NA","NA","NA","NA","NA","NA","NA","NA","NA","NA","NA","NA","NA","NA","NA","NA","NA","NA","NA","NA","NA","NA","NA","NA","NA","NA","NA","NA","NA","NA","NA","NA","NA"
Research and development expenditure (% of GDP),"GB.XPD.RSDV.GD.ZS","Mali","MLI","NA","NA","NA","NA","NA","NA","NA","NA","NA","NA","NA","NA","NA","NA","NA","NA","NA","NA","NA","NA","NA","NA","NA","NA","NA","NA","NA","NA","NA","NA","NA","NA","NA","NA","NA","NA","NA","NA","NA","NA","NA","NA","NA","NA","NA","NA","NA","0.21877","NA","NA","0.58348","NA","NA","NA","NA","NA","NA","NA"
Research and development expenditure (% of GDP),"GB.XPD.RSDV.GD.ZS","Malta","MLT","NA","NA","NA","NA","NA","NA","NA","NA","NA","NA","NA","NA","NA","NA","NA","NA","NA","NA","NA","NA","NA","NA","NA","NA","NA","NA","NA","NA","NA","NA","NA","NA","NA","NA","NA","NA","NA","NA","NA","NA","NA","NA","0.2385","0.23707","0.49256","0.52996","0.58025","0.5485","0.53331","0.5174","0.61517","0.67194","0.82868","0.7698","0.74805","0.76923","NA","NA"
Research and development expenditure (% of GDP),"GB.XPD.RSDV.GD.ZS","Marshall Islands","MHL","NA","NA","NA","NA","NA","NA","NA","NA","NA","NA","NA","NA","NA","NA","NA","NA","NA","NA","NA","NA","NA","NA","NA","NA","NA","NA","NA","NA","NA","NA","NA","NA","NA","NA","NA","NA","NA","NA","NA","NA","NA","NA","NA","NA","NA","NA","NA","NA","NA","NA","NA","NA","NA","NA","NA","NA","NA","NA"
Research and development expenditure (% of GDP),"GB.XPD.RSDV.GD.ZS","Mauritania","MRT","NA","NA","NA","NA","NA","NA","NA","NA","NA","NA","NA","NA","NA","NA","NA","NA","NA","NA","NA","NA","NA","NA","NA","NA","NA","NA","NA","NA","NA","NA","NA","NA","NA","NA","NA","NA","NA","NA","NA","NA","NA","NA","NA","NA","NA","NA","NA","NA","NA","NA","NA","NA","NA","NA","NA","NA","NA","NA"
Research and development expenditure (% of GDP),"GB.XPD.RSDV.GD.ZS","Mauritius","MUS","NA","NA","NA","NA","NA","NA","NA","NA","NA","NA","NA","NA","NA","NA","NA","NA","NA","NA","NA","NA","NA","NA","NA","NA","NA","NA","NA","NA","NA","NA","NA","NA","NA","NA","NA","NA","NA","0.27899","0.26189","0.3141","0.28973","0.36914","0.37334","0.33703","0.37845","0.37299","NA","NA","NA","NA","NA","NA","0.17755","NA","NA","NA","NA","NA"
Research and development expenditure (% of GDP),"GB.XPD.RSDV.GD.ZS","Mexico","MEX","NA","NA","NA","NA","NA","NA","NA","NA","NA","NA","NA","NA","NA","NA","NA","NA","NA","NA","NA","NA","NA","NA","NA","NA","NA","NA","NA","NA","NA","NA","NA","NA","NA","NA","NA","NA","0.25923","0.28725","0.31644","0.35643","0.31721","0.33852","0.3818","0.38872","0.39434","0.40362","0.37382","0.42995","0.47279","0.51945","0.53565","0.51374","0.49364","0.50404","0.53571","0.55238","NA","NA"
Research and development expenditure (% of GDP),"GB.XPD.RSDV.GD.ZS","Micronesia, Fed. Sts.","FSM","NA","NA","NA","NA","NA","NA","NA","NA","NA","NA","NA","NA","NA","NA","NA","NA","NA","NA","NA","NA","NA","NA","NA","NA","NA","NA","NA","NA","NA","NA","NA","NA","NA","NA","NA","NA","NA","NA","NA","NA","NA","NA","NA","NA","NA","NA","NA","NA","NA","NA","NA","NA","NA","NA","NA","NA","NA","NA"
Research and development expenditure (% of GDP),"GB.XPD.RSDV.GD.ZS","Moldova","MDA","NA","NA","NA","NA","NA","NA","NA","NA","NA","NA","NA","NA","NA","NA","NA","NA","NA","NA","NA","NA","NA","NA","NA","NA","NA","NA","NA","NA","NA","NA","NA","NA","NA","NA","NA","NA","0.87295","0.80679","NA","NA","NA","NA","NA","0.32405","0.34903","0.39865","0.40622","0.54558","0.53463","0.52557","0.43987","0.40499","0.41733","0.35248","0.37071","0.36967","NA","NA"
Research and development expenditure (% of GDP),"GB.XPD.RSDV.GD.ZS","Monaco","MCO","NA","NA","NA","NA","NA","NA","NA","NA","NA","NA","NA","NA","NA","NA","NA","NA","NA","NA","NA","NA","NA","NA","NA","NA","NA","NA","NA","NA","NA","NA","NA","NA","NA","NA","NA","NA","NA","NA","NA","NA","NA","NA","NA","NA","0.03719","0.03752","NA","NA","NA","NA","NA","NA","NA","NA","NA","NA","NA","NA"
Research and development expenditure (% of GDP),"GB.XPD.RSDV.GD.ZS","Mongolia","MNG","NA","NA","NA","NA","NA","NA","NA","NA","NA","NA","NA","NA","NA","NA","NA","NA","NA","NA","NA","NA","NA","NA","NA","NA","NA","NA","NA","NA","NA","NA","NA","NA","NA","NA","NA","NA","NA","0.16785","0.16651","0.15023","0.1882","0.26786","0.25183","0.25167","0.2679","0.23787","0.19109","0.2381","0.33644","0.30481","0.24429","0.23008","0.23897","0.23214","0.22367","0.15501","NA","NA"
Research and development expenditure (% of GDP),"GB.XPD.RSDV.GD.ZS","Montenegro","MNE","NA","NA","NA","NA","NA","NA","NA","NA","NA","NA","NA","NA","NA","NA","NA","NA","NA","NA","NA","NA","NA","NA","NA","NA","NA","NA","NA","NA","NA","NA","NA","NA","NA","NA","NA","NA","NA","NA","NA","NA","NA","NA","NA","0.79774","1.01872","0.92443","1.24172","1.14891","NA","NA","NA","0.31485","NA","0.37431","0.3632","0.38019","NA","NA"
Research and development expenditure (% of GDP),"GB.XPD.RSDV.GD.ZS","Morocco","MAR","NA","NA","NA","NA","NA","NA","NA","NA","NA","NA","NA","NA","NA","NA","NA","NA","NA","NA","NA","NA","NA","NA","NA","NA","NA","NA","NA","NA","NA","NA","NA","NA","NA","NA","NA","NA","NA","NA","0.27308","NA","NA","0.60684","0.52642","0.63133","NA","NA","0.60763","NA","NA","NA","0.7142","NA","NA","NA","NA","NA","NA","NA"
Research and development expenditure (% of GDP),"GB.XPD.RSDV.GD.ZS","Mozambique","MOZ","NA","NA","NA","NA","NA","NA","NA","NA","NA","NA","NA","NA","NA","NA","NA","NA","NA","NA","NA","NA","NA","NA","NA","NA","NA","NA","NA","NA","NA","NA","NA","NA","NA","NA","NA","NA","NA","NA","NA","NA","NA","NA","0.4215","NA","NA","NA","0.45529","NA","0.15312","NA","0.42232","NA","NA","NA","NA","0.33732","NA","NA"
Research and development expenditure (% of GDP),"GB.XPD.RSDV.GD.ZS","Myanmar","MMR","NA","NA","NA","NA","NA","NA","NA","NA","NA","NA","NA","NA","NA","NA","NA","NA","NA","NA","NA","NA","NA","NA","NA","NA","NA","NA","NA","NA","NA","NA","NA","NA","NA","NA","NA","NA","NA","0.05982","0.03416","0.04406","0.11318","0.07141","0.16203","NA","NA","NA","NA","NA","NA","NA","NA","NA","NA","NA","NA","NA","NA","NA"
Research and development expenditure (% of GDP),"GB.XPD.RSDV.GD.ZS","Namibia","NAM","NA","NA","NA","NA","NA","NA","NA","NA","NA","NA","NA","NA","NA","NA","NA","NA","NA","NA","NA","NA","NA","NA","NA","NA","NA","NA","NA","NA","NA","NA","NA","NA","NA","NA","NA","NA","NA","NA","NA","NA","NA","NA","NA","NA","NA","NA","NA","NA","NA","NA","0.14165","NA","NA","NA","0.33695","NA","NA","NA"
Research and development expenditure (% of GDP),"GB.XPD.RSDV.GD.ZS","Nauru","NRU","NA","NA","NA","NA","NA","NA","NA","NA","NA","NA","NA","NA","NA","NA","NA","NA","NA","NA","NA","NA","NA","NA","NA","NA","NA","NA","NA","NA","NA","NA","NA","NA","NA","NA","NA","NA","NA","NA","NA","NA","NA","NA","NA","NA","NA","NA","NA","NA","NA","NA","NA","NA","NA","NA","NA","NA","NA","NA"
Research and development expenditure (% of GDP),"GB.XPD.RSDV.GD.ZS","Nepal","NPL","NA","NA","NA","NA","NA","NA","NA","NA","NA","NA","NA","NA","NA","NA","NA","NA","NA","NA","NA","NA","NA","NA","NA","NA","NA","NA","NA","NA","NA","NA","NA","NA","NA","NA","NA","NA","NA","NA","NA","NA","NA","NA","NA","NA","NA","NA","NA","NA","0.05436","0.25932","0.30291","NA","NA","NA","NA","NA","NA","NA"
Research and development expenditure (% of GDP),"GB.XPD.RSDV.GD.ZS","Netherlands","NLD","NA","NA","NA","NA","NA","NA","NA","NA","NA","NA","NA","NA","NA","NA","NA","NA","NA","NA","NA","NA","NA","NA","NA","NA","NA","NA","NA","NA","NA","NA","NA","NA","NA","NA","NA","NA","1.8605","1.86522","1.76578","1.84241","1.8058","1.81447","1.76707","1.80434","1.80706","1.78974","1.75734","1.68711","1.64351","1.68414","1.72342","1.90285","1.93994","1.95192","2.00119","2.01329","NA","NA"
Research and development expenditure (% of GDP),"GB.XPD.RSDV.GD.ZS","New Caledonia","NCL","NA","NA","NA","NA","NA","NA","NA","NA","NA","NA","NA","NA","NA","NA","NA","NA","NA","NA","NA","NA","NA","NA","NA","NA","NA","NA","NA","NA","NA","NA","NA","NA","NA","NA","NA","NA","NA","NA","NA","NA","NA","NA","NA","NA","NA","NA","NA","NA","NA","NA","NA","NA","NA","NA","NA","NA","NA","NA"
Research and development expenditure (% of GDP),"GB.XPD.RSDV.GD.ZS","New Zealand","NZL","NA","NA","NA","NA","NA","NA","NA","NA","NA","NA","NA","NA","NA","NA","NA","NA","NA","NA","NA","NA","NA","NA","NA","NA","NA","NA","NA","NA","NA","NA","NA","NA","NA","NA","NA","NA","NA","1.05462","NA","0.96582","NA","1.09783","NA","1.14497","NA","1.12","NA","1.15561","NA","1.25412","NA","1.23239","NA","1.15236","NA","NA","NA","NA"
Research and development expenditure (% of GDP),"GB.XPD.RSDV.GD.ZS","Nicaragua","NIC","NA","NA","NA","NA","NA","NA","NA","NA","NA","NA","NA","NA","NA","NA","NA","NA","NA","NA","NA","NA","NA","NA","NA","NA","NA","NA","NA","NA","NA","NA","NA","NA","NA","NA","NA","NA","NA","0.0651","NA","NA","NA","NA","0.03493","NA","NA","NA","NA","NA","NA","NA","NA","0.08351","0.10534","0.1038","0.09006","0.10795","NA","NA"
Research and development expenditure (% of GDP),"GB.XPD.RSDV.GD.ZS","Niger","NER","NA","NA","NA","NA","NA","NA","NA","NA","NA","NA","NA","NA","NA","NA","NA","NA","NA","NA","NA","NA","NA","NA","NA","NA","NA","NA","NA","NA","NA","NA","NA","NA","NA","NA","NA","NA","NA","NA","NA","NA","NA","NA","NA","NA","NA","NA","NA","NA","NA","NA","NA","NA","NA","NA","NA","NA","NA","NA"
Research and development expenditure (% of GDP),"GB.XPD.RSDV.GD.ZS","Nigeria","NGA","NA","NA","NA","NA","NA","NA","NA","NA","NA","NA","NA","NA","NA","NA","NA","NA","NA","NA","NA","NA","NA","NA","NA","NA","NA","NA","NA","NA","NA","NA","NA","NA","NA","NA","NA","NA","NA","NA","NA","NA","NA","NA","NA","NA","NA","NA","NA","0.21939","NA","NA","NA","NA","NA","NA","NA","NA","NA","NA"
Research and development expenditure (% of GDP),"GB.XPD.RSDV.GD.ZS","Northern Mariana Islands","MNP","NA","NA","NA","NA","NA","NA","NA","NA","NA","NA","NA","NA","NA","NA","NA","NA","NA","NA","NA","NA","NA","NA","NA","NA","NA","NA","NA","NA","NA","NA","NA","NA","NA","NA","NA","NA","NA","NA","NA","NA","NA","NA","NA","NA","NA","NA","NA","NA","NA","NA","NA","NA","NA","NA","NA","NA","NA","NA"
Research and development expenditure (% of GDP),"GB.XPD.RSDV.GD.ZS","Norway","NOR","NA","NA","NA","NA","NA","NA","NA","NA","NA","NA","NA","NA","NA","NA","NA","NA","NA","NA","NA","NA","NA","NA","NA","NA","NA","NA","NA","NA","NA","NA","NA","NA","NA","NA","NA","NA","NA","1.59537","NA","1.5999","NA","1.5669","1.63077","1.67996","1.54678","1.48238","1.4529","1.56469","1.55275","1.72364","1.65093","1.62869","1.61763","1.65304","1.71551","1.93301","NA","NA"
Research and development expenditure (% of GDP),"GB.XPD.RSDV.GD.ZS","Oman","OMN","NA","NA","NA","NA","NA","NA","NA","NA","NA","NA","NA","NA","NA","NA","NA","NA","NA","NA","NA","NA","NA","NA","NA","NA","NA","NA","NA","NA","NA","NA","NA","NA","NA","NA","NA","NA","NA","NA","NA","NA","NA","NA","NA","NA","NA","NA","NA","NA","NA","NA","NA","0.13645","0.20837","0.16923","0.21264","0.24647","NA","NA"
Research and development expenditure (% of GDP),"GB.XPD.RSDV.GD.ZS","Pakistan","PAK","NA","NA","NA","NA","NA","NA","NA","NA","NA","NA","NA","NA","NA","NA","NA","NA","NA","NA","NA","NA","NA","NA","NA","NA","NA","NA","NA","NA","NA","NA","NA","NA","NA","NA","NA","NA","NA","0.15555","0.1091","0.11583","0.12815","0.1667","0.2199","NA","NA","0.43688","NA","0.63249","NA","0.44805","NA","0.32875","NA","0.29266","NA","0.24554","NA","NA"
Research and development expenditure (% of GDP),"GB.XPD.RSDV.GD.ZS","Palau","PLW","NA","NA","NA","NA","NA","NA","NA","NA","NA","NA","NA","NA","NA","NA","NA","NA","NA","NA","NA","NA","NA","NA","NA","NA","NA","NA","NA","NA","NA","NA","NA","NA","NA","NA","NA","NA","NA","NA","NA","NA","NA","NA","NA","NA","NA","NA","NA","NA","NA","NA","NA","NA","NA","NA","NA","NA","NA","NA"
Research and development expenditure (% of GDP),"GB.XPD.RSDV.GD.ZS","Panama","PAN","NA","NA","NA","NA","NA","NA","NA","NA","NA","NA","NA","NA","NA","NA","NA","NA","NA","NA","NA","NA","NA","NA","NA","NA","NA","NA","NA","NA","NA","NA","NA","NA","NA","NA","NA","NA","0.3101","0.29911","0.26922","0.27205","0.36264","0.36074","0.3422","0.32109","0.22646","0.23183","0.23537","0.18466","0.19558","0.13469","0.14714","0.17461","0.07624","0.06309","NA","NA","NA","NA"
Research and development expenditure (% of GDP),"GB.XPD.RSDV.GD.ZS","Papua New Guinea","PNG","NA","NA","NA","NA","NA","NA","NA","NA","NA","NA","NA","NA","NA","NA","NA","NA","NA","NA","NA","NA","NA","NA","NA","NA","NA","NA","NA","NA","NA","NA","NA","NA","NA","NA","NA","NA","NA","NA","NA","NA","NA","NA","NA","NA","NA","NA","NA","NA","NA","NA","NA","NA","NA","NA","NA","NA","NA","NA"
Research and development expenditure (% of GDP),"GB.XPD.RSDV.GD.ZS","Paraguay","PRY","NA","NA","NA","NA","NA","NA","NA","NA","NA","NA","NA","NA","NA","NA","NA","NA","NA","NA","NA","NA","NA","NA","NA","NA","NA","NA","NA","NA","NA","NA","NA","NA","NA","NA","NA","NA","NA","NA","NA","NA","NA","0.07418","0.08514","0.07167","0.07266","0.07482","NA","NA","0.05475","NA","NA","0.05682","0.08803","NA","0.10316","0.12931","NA","NA"
Research and development expenditure (% of GDP),"GB.XPD.RSDV.GD.ZS","Peru","PER","NA","NA","NA","NA","NA","NA","NA","NA","NA","NA","NA","NA","NA","NA","NA","NA","NA","NA","NA","NA","NA","NA","NA","NA","NA","NA","NA","NA","NA","NA","NA","NA","NA","NA","NA","NA","NA","0.08355","0.10047","0.09841","0.1124","0.11068","0.10597","0.10831","0.15573","NA","NA","NA","NA","NA","NA","0.08283","0.05531","0.08167","0.10787","0.11729","NA","NA"
Research and development expenditure (% of GDP),"GB.XPD.RSDV.GD.ZS","Philippines","PHL","NA","NA","NA","NA","NA","NA","NA","NA","NA","NA","NA","NA","NA","NA","NA","NA","NA","NA","NA","NA","NA","NA","NA","NA","NA","NA","NA","NA","NA","NA","NA","NA","NA","NA","NA","NA","NA","NA","NA","NA","NA","NA","0.13738","0.12989","NA","0.11139","NA","0.10967","NA","0.1139","NA","0.11724","NA","0.13839","NA","NA","NA","NA"
Research and development expenditure (% of GDP),"GB.XPD.RSDV.GD.ZS","Poland","POL","NA","NA","NA","NA","NA","NA","NA","NA","NA","NA","NA","NA","NA","NA","NA","NA","NA","NA","NA","NA","NA","NA","NA","NA","NA","NA","NA","NA","NA","NA","NA","NA","NA","NA","NA","NA","0.6407","0.64387","0.66091","0.6821","0.64205","0.62282","0.55758","0.53879","0.55255","0.56308","0.55073","0.56076","0.59738","0.66204","0.71836","0.74438","0.88055","0.8689","0.94001","1.00337","NA","NA"
Research and development expenditure (% of GDP),"GB.XPD.RSDV.GD.ZS","Portugal","PRT","NA","NA","NA","NA","NA","NA","NA","NA","NA","NA","NA","NA","NA","NA","NA","NA","NA","NA","NA","NA","NA","NA","NA","NA","NA","NA","NA","NA","NA","NA","NA","NA","NA","NA","NA","NA","0.5495","0.56557","0.62685","0.67896","0.7239","0.76355","0.71958","0.69834","0.73049","0.75542","0.95598","1.12728","1.44418","1.58377","1.53198","1.45821","1.38103","1.32851","1.29032","1.27885","NA","NA"
Research and development expenditure (% of GDP),"GB.XPD.RSDV.GD.ZS","Puerto Rico","PRI","NA","NA","NA","NA","NA","NA","NA","NA","NA","NA","NA","NA","NA","NA","NA","NA","NA","NA","NA","NA","NA","NA","NA","NA","NA","NA","NA","NA","NA","NA","NA","NA","NA","NA","NA","NA","NA","NA","NA","NA","NA","NA","NA","NA","NA","NA","NA","NA","NA","0.45131","NA","NA","NA","0.43625","NA","0.43078","NA","NA"
Research and development expenditure (% of GDP),"GB.XPD.RSDV.GD.ZS","Qatar","QAT","NA","NA","NA","NA","NA","NA","NA","NA","NA","NA","NA","NA","NA","NA","NA","NA","NA","NA","NA","NA","NA","NA","NA","NA","NA","NA","NA","NA","NA","NA","NA","NA","NA","NA","NA","NA","NA","NA","NA","NA","NA","NA","NA","NA","NA","NA","NA","NA","NA","NA","NA","NA","0.47865","NA","NA","NA","NA","NA"
Research and development expenditure (% of GDP),"GB.XPD.RSDV.GD.ZS","Romania","ROU","NA","NA","NA","NA","NA","NA","NA","NA","NA","NA","NA","NA","NA","NA","NA","NA","NA","NA","NA","NA","NA","NA","NA","NA","NA","NA","NA","NA","NA","NA","NA","NA","NA","NA","NA","NA","0.67026","0.57028","0.49208","0.39579","0.36445","0.38927","0.37542","0.38295","0.38268","0.40816","0.45124","0.52089","0.56884","0.46123","0.45196","0.49324","0.48281","0.38694","0.38258","0.48765","NA","NA"
Research and development expenditure (% of GDP),"GB.XPD.RSDV.GD.ZS","Russian Federation","RUS","NA","NA","NA","NA","NA","NA","NA","NA","NA","NA","NA","NA","NA","NA","NA","NA","NA","NA","NA","NA","NA","NA","NA","NA","NA","NA","NA","NA","NA","NA","NA","NA","NA","NA","NA","NA","0.96487","1.04486","0.95369","0.9969","1.04921","1.17741","1.25004","1.28684","1.15318","1.06845","1.07363","1.11771","1.04376","1.25215","1.1304","1.02249","1.04614","1.05605","1.08797","1.13202","NA","NA"
Research and development expenditure (% of GDP),"GB.XPD.RSDV.GD.ZS","Rwanda","RWA","NA","NA","NA","NA","NA","NA","NA","NA","NA","NA","NA","NA","NA","NA","NA","NA","NA","NA","NA","NA","NA","NA","NA","NA","NA","NA","NA","NA","NA","NA","NA","NA","NA","NA","NA","NA","NA","NA","NA","NA","NA","NA","NA","NA","NA","NA","NA","NA","NA","NA","NA","NA","NA","NA","NA","NA","NA","NA"
Research and development expenditure (% of GDP),"GB.XPD.RSDV.GD.ZS","Samoa","WSM","NA","NA","NA","NA","NA","NA","NA","NA","NA","NA","NA","NA","NA","NA","NA","NA","NA","NA","NA","NA","NA","NA","NA","NA","NA","NA","NA","NA","NA","NA","NA","NA","NA","NA","NA","NA","NA","NA","NA","NA","NA","NA","NA","NA","NA","NA","NA","NA","NA","NA","NA","NA","NA","NA","NA","NA","NA","NA"
Research and development expenditure (% of GDP),"GB.XPD.RSDV.GD.ZS","San Marino","SMR","NA","NA","NA","NA","NA","NA","NA","NA","NA","NA","NA","NA","NA","NA","NA","NA","NA","NA","NA","NA","NA","NA","NA","NA","NA","NA","NA","NA","NA","NA","NA","NA","NA","NA","NA","NA","NA","NA","NA","NA","NA","NA","NA","NA","NA","NA","NA","NA","NA","NA","NA","NA","NA","NA","NA","NA","NA","NA"
Research and development expenditure (% of GDP),"GB.XPD.RSDV.GD.ZS","Sao Tome and Principe","STP","NA","NA","NA","NA","NA","NA","NA","NA","NA","NA","NA","NA","NA","NA","NA","NA","NA","NA","NA","NA","NA","NA","NA","NA","NA","NA","NA","NA","NA","NA","NA","NA","NA","NA","NA","NA","NA","NA","NA","NA","NA","NA","NA","NA","NA","NA","NA","NA","NA","NA","NA","NA","NA","NA","NA","NA","NA","NA"
Research and development expenditure (% of GDP),"GB.XPD.RSDV.GD.ZS","Saudi Arabia","SAU","NA","NA","NA","NA","NA","NA","NA","NA","NA","NA","NA","NA","NA","NA","NA","NA","NA","NA","NA","NA","NA","NA","NA","NA","NA","NA","NA","NA","NA","NA","NA","NA","NA","NA","NA","NA","NA","NA","NA","NA","NA","NA","NA","0.06266","0.05316","0.04233","0.04249","0.04518","0.049","0.07334","0.88434","0.9004","0.88","0.81806","NA","NA","NA","NA"
Research and development expenditure (% of GDP),"GB.XPD.RSDV.GD.ZS","Senegal","SEN","NA","NA","NA","NA","NA","NA","NA","NA","NA","NA","NA","NA","NA","NA","NA","NA","NA","NA","NA","NA","NA","NA","NA","NA","NA","NA","NA","NA","NA","NA","NA","NA","NA","NA","NA","NA","NA","NA","NA","NA","NA","NA","NA","NA","NA","NA","NA","NA","0.36861","NA","0.5413","NA","NA","NA","NA","NA","NA","NA"
Research and development expenditure (% of GDP),"GB.XPD.RSDV.GD.ZS","Serbia","SRB","NA","NA","NA","NA","NA","NA","NA","NA","NA","NA","NA","NA","NA","NA","NA","NA","NA","NA","NA","NA","NA","NA","NA","NA","NA","NA","NA","NA","NA","NA","NA","NA","NA","NA","NA","NA","NA","0.75283","0.80312","0.9957","0.89833","0.32113","0.67816","0.52145","0.30474","0.41717","0.46569","0.61887","0.71082","0.86614","0.74359","0.72387","0.90798","0.72617","0.76942","0.8661","NA","NA"
Research and development expenditure (% of GDP),"GB.XPD.RSDV.GD.ZS","Seychelles","SYC","NA","NA","NA","NA","NA","NA","NA","NA","NA","NA","NA","NA","NA","NA","NA","NA","NA","NA","NA","NA","NA","NA","NA","NA","NA","NA","NA","NA","NA","NA","NA","NA","NA","NA","NA","NA","NA","NA","NA","NA","NA","0.42525","0.40707","0.41183","0.34658","0.30209","NA","NA","NA","NA","NA","NA","NA","NA","NA","NA","NA","NA"
Research and development expenditure (% of GDP),"GB.XPD.RSDV.GD.ZS","Sierra Leone","SLE","NA","NA","NA","NA","NA","NA","NA","NA","NA","NA","NA","NA","NA","NA","NA","NA","NA","NA","NA","NA","NA","NA","NA","NA","NA","NA","NA","NA","NA","NA","NA","NA","NA","NA","NA","NA","NA","NA","NA","NA","NA","NA","NA","NA","NA","NA","NA","NA","NA","NA","NA","NA","NA","NA","NA","NA","NA","NA"
Research and development expenditure (% of GDP),"GB.XPD.RSDV.GD.ZS","Singapore","SGP","NA","NA","NA","NA","NA","NA","NA","NA","NA","NA","NA","NA","NA","NA","NA","NA","NA","NA","NA","NA","NA","NA","NA","NA","NA","NA","NA","NA","NA","NA","NA","NA","NA","NA","NA","NA","1.31775","1.41246","1.74284","1.81939","1.82395","2.02043","2.06343","2.02631","2.10461","2.16142","2.13179","2.33915","2.62062","2.15815","2.01523","2.15275","2.00685","2.01219","2.19754","NA","NA","NA"
Research and development expenditure (% of GDP),"GB.XPD.RSDV.GD.ZS","Sint Maarten (Dutch part)","SXM","NA","NA","NA","NA","NA","NA","NA","NA","NA","NA","NA","NA","NA","NA","NA","NA","NA","NA","NA","NA","NA","NA","NA","NA","NA","NA","NA","NA","NA","NA","NA","NA","NA","NA","NA","NA","NA","NA","NA","NA","NA","NA","NA","NA","NA","NA","NA","NA","NA","NA","NA","NA","NA","NA","NA","NA","NA","NA"
Research and development expenditure (% of GDP),"GB.XPD.RSDV.GD.ZS","Slovak Republic","SVK","NA","NA","NA","NA","NA","NA","NA","NA","NA","NA","NA","NA","NA","NA","NA","NA","NA","NA","NA","NA","NA","NA","NA","NA","NA","NA","NA","NA","NA","NA","NA","NA","NA","NA","NA","NA","0.89292","1.05283","0.76611","0.64556","0.63927","0.62565","0.56389","0.56247","0.50149","0.49401","0.47563","0.44824","0.46204","0.47326","0.61614","0.66326","0.80495","0.82362","0.88172","1.17845","NA","NA"
Research and development expenditure (% of GDP),"GB.XPD.RSDV.GD.ZS","Slovenia","SVN","NA","NA","NA","NA","NA","NA","NA","NA","NA","NA","NA","NA","NA","NA","NA","NA","NA","NA","NA","NA","NA","NA","NA","NA","NA","NA","NA","NA","NA","NA","NA","NA","NA","NA","NA","NA","1.26633","1.24727","1.30637","1.33814","1.3563","1.46773","1.43874","1.24528","1.36806","1.41229","1.53291","1.42382","1.62564","1.81629","2.05763","2.42358","2.57845","2.60323","2.38461","2.21174","NA","NA"
Research and development expenditure (% of GDP),"GB.XPD.RSDV.GD.ZS","Solomon Islands","SLB","NA","NA","NA","NA","NA","NA","NA","NA","NA","NA","NA","NA","NA","NA","NA","NA","NA","NA","NA","NA","NA","NA","NA","NA","NA","NA","NA","NA","NA","NA","NA","NA","NA","NA","NA","NA","NA","NA","NA","NA","NA","NA","NA","NA","NA","NA","NA","NA","NA","NA","NA","NA","NA","NA","NA","NA","NA","NA"
Research and development expenditure (% of GDP),"GB.XPD.RSDV.GD.ZS","Somalia","SOM","NA","NA","NA","NA","NA","NA","NA","NA","NA","NA","NA","NA","NA","NA","NA","NA","NA","NA","NA","NA","NA","NA","NA","NA","NA","NA","NA","NA","NA","NA","NA","NA","NA","NA","NA","NA","NA","NA","NA","NA","NA","NA","NA","NA","NA","NA","NA","NA","NA","NA","NA","NA","NA","NA","NA","NA","NA","NA"
Research and development expenditure (% of GDP),"GB.XPD.RSDV.GD.ZS","South Africa","ZAF","NA","NA","NA","NA","NA","NA","NA","NA","NA","NA","NA","NA","NA","NA","NA","NA","NA","NA","NA","NA","NA","NA","NA","NA","NA","NA","NA","NA","NA","NA","NA","NA","NA","NA","NA","NA","NA","0.58364","NA","NA","NA","0.71315","NA","0.75809","0.81149","0.86276","0.89786","0.88266","0.88781","0.83485","0.7365","0.7354","0.7345","0.72283","NA","NA","NA","NA"
Research and development expenditure (% of GDP),"GB.XPD.RSDV.GD.ZS","South Sudan","SSD","NA","NA","NA","NA","NA","NA","NA","NA","NA","NA","NA","NA","NA","NA","NA","NA","NA","NA","NA","NA","NA","NA","NA","NA","NA","NA","NA","NA","NA","NA","NA","NA","NA","NA","NA","NA","NA","NA","NA","NA","NA","NA","NA","NA","NA","NA","NA","NA","NA","NA","NA","NA","NA","NA","NA","NA","NA","NA"
Research and development expenditure (% of GDP),"GB.XPD.RSDV.GD.ZS","Spain","ESP","NA","NA","NA","NA","NA","NA","NA","NA","NA","NA","NA","NA","NA","NA","NA","NA","NA","NA","NA","NA","NA","NA","NA","NA","NA","NA","NA","NA","NA","NA","NA","NA","NA","NA","NA","NA","0.78947","0.77971","0.85109","0.84097","0.88529","0.88959","0.96042","1.02279","1.039","1.09526","1.16982","1.2354","1.31262","1.35016","1.35078","1.32564","1.28765","1.26328","1.23277","1.21961","NA","NA"
Research and development expenditure (% of GDP),"GB.XPD.RSDV.GD.ZS","Sri Lanka","LKA","NA","NA","NA","NA","NA","NA","NA","NA","NA","NA","NA","NA","NA","NA","NA","NA","NA","NA","NA","NA","NA","NA","NA","NA","NA","NA","NA","NA","NA","NA","NA","NA","NA","NA","NA","NA","0.18359","NA","NA","NA","0.14365","NA","NA","NA","0.18218","NA","0.17412","NA","0.11446","NA","0.13694","NA","NA","0.10083","NA","NA","NA","NA"
Research and development expenditure (% of GDP),"GB.XPD.RSDV.GD.ZS","St. Kitts and Nevis","KNA","NA","NA","NA","NA","NA","NA","NA","NA","NA","NA","NA","NA","NA","NA","NA","NA","NA","NA","NA","NA","NA","NA","NA","NA","NA","NA","NA","NA","NA","NA","NA","NA","NA","NA","NA","NA","NA","NA","NA","NA","NA","NA","NA","NA","NA","NA","NA","NA","NA","NA","NA","NA","NA","NA","NA","NA","NA","NA"
Research and development expenditure (% of GDP),"GB.XPD.RSDV.GD.ZS","St. Lucia","LCA","NA","NA","NA","NA","NA","NA","NA","NA","NA","NA","NA","NA","NA","NA","NA","NA","NA","NA","NA","NA","NA","NA","NA","NA","NA","NA","NA","NA","NA","NA","NA","NA","NA","NA","NA","NA","NA","NA","0.76588","0.3644","NA","NA","NA","NA","NA","NA","NA","NA","NA","NA","NA","NA","NA","NA","NA","NA","NA","NA"
Research and development expenditure (% of GDP),"GB.XPD.RSDV.GD.ZS","St. Martin (French part)","MAF","NA","NA","NA","NA","NA","NA","NA","NA","NA","NA","NA","NA","NA","NA","NA","NA","NA","NA","NA","NA","NA","NA","NA","NA","NA","NA","NA","NA","NA","NA","NA","NA","NA","NA","NA","NA","NA","NA","NA","NA","NA","NA","NA","NA","NA","NA","NA","NA","NA","NA","NA","NA","NA","NA","NA","NA","NA","NA"
Research and development expenditure (% of GDP),"GB.XPD.RSDV.GD.ZS","St. Vincent and the Grenadines","VCT","NA","NA","NA","NA","NA","NA","NA","NA","NA","NA","NA","NA","NA","NA","NA","NA","NA","NA","NA","NA","NA","NA","NA","NA","NA","NA","NA","NA","NA","NA","NA","NA","NA","NA","NA","NA","NA","NA","NA","NA","NA","0.04306","0.12028","NA","NA","NA","NA","NA","NA","NA","NA","NA","NA","NA","NA","NA","NA","NA"
Research and development expenditure (% of GDP),"GB.XPD.RSDV.GD.ZS","Sudan","SDN","NA","NA","NA","NA","NA","NA","NA","NA","NA","NA","NA","NA","NA","NA","NA","NA","NA","NA","NA","NA","NA","NA","NA","NA","NA","NA","NA","NA","NA","NA","NA","NA","NA","NA","NA","NA","NA","NA","NA","0.53007","0.47277","0.44686","0.39509","0.33982","0.29586","0.29844","NA","NA","NA","NA","NA","NA","NA","NA","NA","NA","NA","NA"
Research and development expenditure (% of GDP),"GB.XPD.RSDV.GD.ZS","Suriname","SUR","NA","NA","NA","NA","NA","NA","NA","NA","NA","NA","NA","NA","NA","NA","NA","NA","NA","NA","NA","NA","NA","NA","NA","NA","NA","NA","NA","NA","NA","NA","NA","NA","NA","NA","NA","NA","NA","NA","NA","NA","NA","NA","NA","NA","NA","NA","NA","NA","NA","NA","NA","NA","NA","NA","NA","NA","NA","NA"
Research and development expenditure (% of GDP),"GB.XPD.RSDV.GD.ZS","Sweden","SWE","NA","NA","NA","NA","NA","NA","NA","NA","NA","NA","NA","NA","NA","NA","NA","NA","NA","NA","NA","NA","NA","NA","NA","NA","NA","NA","NA","NA","NA","NA","NA","NA","NA","NA","NA","NA","NA","3.31814","NA","3.41829","NA","3.91087","NA","3.61093","3.38544","3.38392","3.49928","3.2537","3.49277","3.44809","3.21611","3.24615","3.28562","3.30597","3.14335","3.26285","NA","NA"
Research and development expenditure (% of GDP),"GB.XPD.RSDV.GD.ZS","Switzerland","CHE","NA","NA","NA","NA","NA","NA","NA","NA","NA","NA","NA","NA","NA","NA","NA","NA","NA","NA","NA","NA","NA","NA","NA","NA","NA","NA","NA","NA","NA","NA","NA","NA","NA","NA","NA","NA","2.45455","NA","NA","NA","2.32571","NA","NA","NA","2.67894","NA","NA","NA","2.73032","NA","NA","NA","2.96635","NA","NA","NA","NA","NA"
Research and development expenditure (% of GDP),"GB.XPD.RSDV.GD.ZS","Syrian Arab Republic","SYR","NA","NA","NA","NA","NA","NA","NA","NA","NA","NA","NA","NA","NA","NA","NA","NA","NA","NA","NA","NA","NA","NA","NA","NA","NA","NA","NA","NA","NA","NA","NA","NA","NA","NA","NA","NA","NA","NA","NA","NA","NA","NA","NA","NA","NA","NA","NA","NA","NA","NA","NA","NA","NA","NA","NA","NA","NA","NA"
Research and development expenditure (% of GDP),"GB.XPD.RSDV.GD.ZS","Tajikistan","TJK","NA","NA","NA","NA","NA","NA","NA","NA","NA","NA","NA","NA","NA","NA","NA","NA","NA","NA","NA","NA","NA","NA","NA","NA","NA","NA","NA","NA","NA","NA","NA","NA","NA","NA","NA","NA","NA","NA","NA","NA","NA","0.08953","0.07068","0.0689","0.06697","0.0957","0.10732","0.06778","0.06983","0.08577","0.08914","0.12148","0.11432","0.1177","0.11468","0.1089","NA","NA"
Research and development expenditure (% of GDP),"GB.XPD.RSDV.GD.ZS","Tanzania","TZA","NA","NA","NA","NA","NA","NA","NA","NA","NA","NA","NA","NA","NA","NA","NA","NA","NA","NA","NA","NA","NA","NA","NA","NA","NA","NA","NA","NA","NA","NA","NA","NA","NA","NA","NA","NA","NA","NA","NA","NA","NA","NA","NA","NA","NA","NA","NA","0.33957","NA","NA","0.38056","NA","NA","0.52889","NA","NA","NA","NA"
Research and development expenditure (% of GDP),"GB.XPD.RSDV.GD.ZS","Thailand","THA","NA","NA","NA","NA","NA","NA","NA","NA","NA","NA","NA","NA","NA","NA","NA","NA","NA","NA","NA","NA","NA","NA","NA","NA","NA","NA","NA","NA","NA","NA","NA","NA","NA","NA","NA","NA","0.11914","0.10215","NA","0.24835","0.2447","0.25207","0.23054","0.24524","0.23843","0.21901","0.23273","0.20072","0.20324","0.23476","NA","0.36168","NA","0.44216","0.48465","0.6272","NA","NA"
Research and development expenditure (% of GDP),"GB.XPD.RSDV.GD.ZS","Timor-Leste","TLS","NA","NA","NA","NA","NA","NA","NA","NA","NA","NA","NA","NA","NA","NA","NA","NA","NA","NA","NA","NA","NA","NA","NA","NA","NA","NA","NA","NA","NA","NA","NA","NA","NA","NA","NA","NA","NA","NA","NA","NA","NA","NA","NA","NA","NA","NA","NA","NA","NA","NA","NA","NA","NA","NA","NA","NA","NA","NA"
Research and development expenditure (% of GDP),"GB.XPD.RSDV.GD.ZS","Togo","TGO","NA","NA","NA","NA","NA","NA","NA","NA","NA","NA","NA","NA","NA","NA","NA","NA","NA","NA","NA","NA","NA","NA","NA","NA","NA","NA","NA","NA","NA","NA","NA","NA","NA","NA","NA","NA","NA","NA","NA","NA","NA","NA","NA","NA","NA","NA","NA","NA","NA","NA","0.25373","NA","0.2241","NA","0.27122","NA","NA","NA"
Research and development expenditure (% of GDP),"GB.XPD.RSDV.GD.ZS","Tonga","TON","NA","NA","NA","NA","NA","NA","NA","NA","NA","NA","NA","NA","NA","NA","NA","NA","NA","NA","NA","NA","NA","NA","NA","NA","NA","NA","NA","NA","NA","NA","NA","NA","NA","NA","NA","NA","NA","NA","NA","NA","NA","NA","NA","NA","NA","NA","NA","NA","NA","NA","NA","NA","NA","NA","NA","NA","NA","NA"
Research and development expenditure (% of GDP),"GB.XPD.RSDV.GD.ZS","Trinidad and Tobago","TTO","NA","NA","NA","NA","NA","NA","NA","NA","NA","NA","NA","NA","NA","NA","NA","NA","NA","NA","NA","NA","NA","NA","NA","NA","NA","NA","NA","NA","NA","NA","NA","NA","NA","NA","NA","NA","0.10325","0.11553","0.12715","0.12292","0.108","0.10417","0.13178","0.11501","0.11441","0.11395","0.0723","0.0592","0.03077","0.05679","0.0478","0.04025","0.04395","0.05856","0.0861","NA","NA","NA"
Research and development expenditure (% of GDP),"GB.XPD.RSDV.GD.ZS","Tunisia","TUN","NA","NA","NA","NA","NA","NA","NA","NA","NA","NA","NA","NA","NA","NA","NA","NA","NA","NA","NA","NA","NA","NA","NA","NA","NA","NA","NA","NA","NA","NA","NA","NA","NA","NA","NA","NA","NA","NA","NA","NA","NA","NA","0.54302","0.65043","0.73095","0.71195","0.67726","0.66551","0.6394","0.70644","0.69026","0.70863","0.68205","0.67065","0.65463","0.63168","NA","NA"
Research and development expenditure (% of GDP),"GB.XPD.RSDV.GD.ZS","Turkey","TUR","NA","NA","NA","NA","NA","NA","NA","NA","NA","NA","NA","NA","NA","NA","NA","NA","NA","NA","NA","NA","NA","NA","NA","NA","NA","NA","NA","NA","NA","NA","NA","NA","NA","NA","NA","NA","0.45159","0.49169","0.37095","0.46587","0.47811","0.53829","0.52665","0.48288","0.51834","0.59098","0.58046","0.72256","0.72482","0.84863","0.84251","0.85801","0.91988","0.94314","1.00561","NA","NA","NA"
Research and development expenditure (% of GDP),"GB.XPD.RSDV.GD.ZS","Turkmenistan","TKM","NA","NA","NA","NA","NA","NA","NA","NA","NA","NA","NA","NA","NA","NA","NA","NA","NA","NA","NA","NA","NA","NA","NA","NA","NA","NA","NA","NA","NA","NA","NA","NA","NA","NA","NA","NA","NA","NA","NA","NA","NA","NA","NA","NA","NA","NA","NA","NA","NA","NA","NA","NA","NA","NA","NA","NA","NA","NA"
Research and development expenditure (% of GDP),"GB.XPD.RSDV.GD.ZS","Turks and Caicos Islands","TCA","NA","NA","NA","NA","NA","NA","NA","NA","NA","NA","NA","NA","NA","NA","NA","NA","NA","NA","NA","NA","NA","NA","NA","NA","NA","NA","NA","NA","NA","NA","NA","NA","NA","NA","NA","NA","NA","NA","NA","NA","NA","NA","NA","NA","NA","NA","NA","NA","NA","NA","NA","NA","NA","NA","NA","NA","NA","NA"
Research and development expenditure (% of GDP),"GB.XPD.RSDV.GD.ZS","Tuvalu","TUV","NA","NA","NA","NA","NA","NA","NA","NA","NA","NA","NA","NA","NA","NA","NA","NA","NA","NA","NA","NA","NA","NA","NA","NA","NA","NA","NA","NA","NA","NA","NA","NA","NA","NA","NA","NA","NA","NA","NA","NA","NA","NA","NA","NA","NA","NA","NA","NA","NA","NA","NA","NA","NA","NA","NA","NA","NA","NA"
Research and development expenditure (% of GDP),"GB.XPD.RSDV.GD.ZS","Uganda","UGA","NA","NA","NA","NA","NA","NA","NA","NA","NA","NA","NA","NA","NA","NA","NA","NA","NA","NA","NA","NA","NA","NA","NA","NA","NA","NA","NA","NA","NA","NA","NA","NA","NA","NA","NA","NA","NA","NA","NA","NA","NA","NA","0.36894","0.25702","0.25992","0.21448","0.30049","0.38797","0.32628","0.35397","0.47505","NA","NA","NA","NA","NA","NA","NA"
Research and development expenditure (% of GDP),"GB.XPD.RSDV.GD.ZS","Ukraine","UKR","NA","NA","NA","NA","NA","NA","NA","NA","NA","NA","NA","NA","NA","NA","NA","NA","NA","NA","NA","NA","NA","NA","NA","NA","NA","NA","NA","NA","NA","NA","NA","NA","NA","NA","NA","NA","NA","1.1923","1.0657","0.97298","0.96252","1.02424","0.99736","1.11322","1.08187","1.03202","0.94934","0.85288","0.84649","0.85676","0.83295","0.7378","0.75418","0.75926","0.64908","0.61742","NA","NA"
Research and development expenditure (% of GDP),"GB.XPD.RSDV.GD.ZS","United Arab Emirates","ARE","NA","NA","NA","NA","NA","NA","NA","NA","NA","NA","NA","NA","NA","NA","NA","NA","NA","NA","NA","NA","NA","NA","NA","NA","NA","NA","NA","NA","NA","NA","NA","NA","NA","NA","NA","NA","NA","NA","NA","NA","NA","NA","NA","NA","NA","NA","NA","NA","NA","NA","NA","0.48919","NA","NA","0.69384","0.86559","NA","NA"
Research and development expenditure (% of GDP),"GB.XPD.RSDV.GD.ZS","United Kingdom","GBR","NA","NA","NA","NA","NA","NA","NA","NA","NA","NA","NA","NA","NA","NA","NA","NA","NA","NA","NA","NA","NA","NA","NA","NA","NA","NA","NA","NA","NA","NA","NA","NA","NA","NA","NA","NA","1.60538","1.56087","1.57699","1.65967","1.64056","1.63268","1.6434","1.60469","1.55755","1.5711","1.58925","1.63378","1.64367","1.70155","1.67911","1.67974","1.6075","1.65949","1.6813","1.70304","NA","NA"
Research and development expenditure (% of GDP),"GB.XPD.RSDV.GD.ZS","United States","USA","NA","NA","NA","NA","NA","NA","NA","NA","NA","NA","NA","NA","NA","NA","NA","NA","NA","NA","NA","NA","NA","NA","NA","NA","NA","NA","NA","NA","NA","NA","NA","NA","NA","NA","NA","NA","2.44188","2.47049","2.49652","2.5419","2.61663","2.64375","2.54446","2.55523","2.48488","2.50479","2.54193","2.62287","2.77033","2.82226","2.73395","2.77285","2.69803","2.74019","2.75493","2.79385","NA","NA"
Research and development expenditure (% of GDP),"GB.XPD.RSDV.GD.ZS","Uruguay","URY","NA","NA","NA","NA","NA","NA","NA","NA","NA","NA","NA","NA","NA","NA","NA","NA","NA","NA","NA","NA","NA","NA","NA","NA","NA","NA","NA","NA","NA","NA","NA","NA","NA","NA","NA","NA","0.26427","0.35043","0.19175","0.22414","0.20937","NA","0.23837","NA","NA","NA","0.36566","0.42508","0.37982","0.41224","0.34119","0.34883","0.32798","0.32068","0.33592","NA","NA","NA"
Research and development expenditure (% of GDP),"GB.XPD.RSDV.GD.ZS","Uzbekistan","UZB","NA","NA","NA","NA","NA","NA","NA","NA","NA","NA","NA","NA","NA","NA","NA","NA","NA","NA","NA","NA","NA","NA","NA","NA","NA","NA","NA","NA","NA","NA","NA","NA","NA","NA","NA","NA","NA","NA","NA","NA","0.36014","0.34512","0.29357","0.26836","0.26955","0.23776","0.22421","0.21713","0.19339","0.20305","0.19519","0.1949","0.20216","0.19639","0.19759","0.21354","NA","NA"
Research and development expenditure (% of GDP),"GB.XPD.RSDV.GD.ZS","Vanuatu","VUT","NA","NA","NA","NA","NA","NA","NA","NA","NA","NA","NA","NA","NA","NA","NA","NA","NA","NA","NA","NA","NA","NA","NA","NA","NA","NA","NA","NA","NA","NA","NA","NA","NA","NA","NA","NA","NA","NA","NA","NA","NA","NA","NA","NA","NA","NA","NA","NA","NA","NA","NA","NA","NA","NA","NA","NA","NA","NA"
Research and development expenditure (% of GDP),"GB.XPD.RSDV.GD.ZS","Venezuela, RB","VEN","NA","NA","NA","NA","NA","NA","NA","NA","NA","NA","NA","NA","NA","NA","NA","NA","NA","NA","NA","NA","NA","NA","NA","NA","NA","NA","NA","NA","NA","NA","NA","NA","NA","NA","NA","NA","NA","NA","NA","NA","NA","NA","NA","NA","NA","NA","NA","NA","NA","NA","NA","NA","NA","NA","NA","NA","NA","NA"
Research and development expenditure (% of GDP),"GB.XPD.RSDV.GD.ZS","Vietnam","VNM","NA","NA","NA","NA","NA","NA","NA","NA","NA","NA","NA","NA","NA","NA","NA","NA","NA","NA","NA","NA","NA","NA","NA","NA","NA","NA","NA","NA","NA","NA","NA","NA","NA","NA","NA","NA","NA","NA","NA","NA","NA","NA","0.17803","NA","NA","NA","NA","NA","NA","NA","NA","0.19043","NA","0.37404","NA","NA","NA","NA"
Research and development expenditure (% of GDP),"GB.XPD.RSDV.GD.ZS","Virgin Islands (U.S.)","VIR","NA","NA","NA","NA","NA","NA","NA","NA","NA","NA","NA","NA","NA","NA","NA","NA","NA","NA","NA","NA","NA","NA","NA","NA","NA","NA","NA","NA","NA","NA","NA","NA","NA","NA","NA","NA","NA","NA","NA","NA","NA","NA","NA","NA","NA","NA","NA","NA","NA","NA","NA","NA","NA","NA","NA","NA","NA","NA"
Research and development expenditure (% of GDP),"GB.XPD.RSDV.GD.ZS","West Bank and Gaza","PSE","NA","NA","NA","NA","NA","NA","NA","NA","NA","NA","NA","NA","NA","NA","NA","NA","NA","NA","NA","NA","NA","NA","NA","NA","NA","NA","NA","NA","NA","NA","NA","NA","NA","NA","NA","NA","NA","NA","NA","NA","NA","NA","NA","NA","NA","NA","NA","0.20833","0.16338","0.39655","0.39477","NA","NA","0.4922","NA","NA","NA","NA"
Research and development expenditure (% of GDP),"GB.XPD.RSDV.GD.ZS","Yemen, Rep.","YEM","NA","NA","NA","NA","NA","NA","NA","NA","NA","NA","NA","NA","NA","NA","NA","NA","NA","NA","NA","NA","NA","NA","NA","NA","NA","NA","NA","NA","NA","NA","NA","NA","NA","NA","NA","NA","NA","NA","NA","NA","NA","NA","NA","NA","NA","NA","NA","NA","NA","NA","NA","NA","NA","NA","NA","NA","NA","NA"
Research and development expenditure (% of GDP),"GB.XPD.RSDV.GD.ZS","Zambia","ZMB","NA","NA","NA","NA","NA","NA","NA","NA","NA","NA","NA","NA","NA","NA","NA","NA","NA","NA","NA","NA","NA","NA","NA","NA","NA","NA","NA","NA","NA","NA","NA","NA","NA","NA","NA","NA","0.01104","0.00737","NA","NA","NA","NA","0.00544","0.00847","0.02223","0.02493","NA","NA","0.27819","NA","NA","NA","NA","NA","NA","NA","NA","NA"
Research and development expenditure (% of GDP),"GB.XPD.RSDV.GD.ZS","Zimbabwe","ZWE","NA","NA","NA","NA","NA","NA","NA","NA","NA","NA","NA","NA","NA","NA","NA","NA","NA","NA","NA","NA","NA","NA","NA","NA","NA","NA","NA","NA","NA","NA","NA","NA","NA","NA","NA","NA","NA","NA","NA","NA","NA","NA","NA","NA","NA","NA","NA","NA","NA","NA","NA","NA","NA","NA","NA","NA","NA","NA"
,"","","","","","","","","","","","","","","","","","","","","","","","","","","","","","","","","","","","","","","","","","","","","","","","","","","","","","","","","","","","",""
,"","","","","","","","","","","","","","","","","","","","","","","","","","","","","","","","","","","","","","","","","","","","","","","","","","","","","","","","","","","","",""
,"","","","","","","","","","","","","","","","","","","","","","","","","","","","","","","","","","","","","","","","","","","","","","","","","","","","","","","","","","","","",""
Data from database: World Development Indicators,"","","","","","","","","","","","","","","","","","","","","","","","","","","","","","","","","","","","","","","","","","","","","","","","","","","","","","","","","","","","",""
Last Updated: 11/14/2018,"","","","","","","","","","","","","","","","","","","","","","","","","","","","","","","","","","","","","","","","","","","","","","","","","","","","","","","","","","","","",""
